itemID,WeekGroup,count,Is_month_end,Is_month_start,Is_quarter_end,Is_quarter_start,count_diff1,count_diff2,count_diff3,count_diff4,count_diff5,count_diff6,count_diff7,count_diff8,count_diff9,simulationPrice,brand,manufacturer,customerRating,category1,category2,category3,recommendedRetailPrice,cluster
1,10,0.006006628003314002,1,1,0,0,0.0006213753106876553,0.06172328086164043,0.00020712510356255177,0.0,0.0,0.00020712510356255177,0.007042253521126761,0.0648301574150787,0.00020712510356255177,3.43,0,1,4.38,1,1,1,8.84,4.0
11,9,0.0010356255178127587,0,0,0,0,0.0012427506213753105,0.04266777133388567,0.0004142502071251035,0.0004142502071251035,0.0004142502071251035,0.0,0.0004142502071251035,0.0006213753106876553,0.0004142502071251035,2.13,0,2,4.88,1,2,1,9.22,4.0
11,10,0.0008285004142502071,1,1,0,0,0.0010356255178127587,0.0012427506213753105,0.04266777133388567,0.0004142502071251035,0.0004142502071251035,0.0004142502071251035,0.0,0.0004142502071251035,0.0006213753106876553,2.13,0,2,4.88,1,2,1,9.22,4.0
18,9,0.0004142502071251035,0,0,0,0,0.0016570008285004142,0.0004142502071251035,0.00020712510356255177,0.0006213753106876553,0.0010356255178127587,0.07808616404308202,0.0,0.00020712510356255177,0.0014498757249378623,7.21,0,8,0.0,1,1,1,12.51,4.0
18,10,0.0006213753106876553,1,1,0,0,0.0004142502071251035,0.0016570008285004142,0.0004142502071251035,0.00020712510356255177,0.0006213753106876553,0.0010356255178127587,0.07808616404308202,0.0,0.00020712510356255177,7.21,0,8,0.0,1,1,1,12.51,4.0
35,9,0.0022783761391880694,0,0,0,0,0.002899751449875725,0.005799502899751449,0.0006213753106876553,0.0,0.0,0.012427506213753107,0.02236951118475559,0.026719138359569176,0.12303231151615575,337.84,0,5,5.0,1,1,1,173.86,5.0
35,10,0.11019055509527755,1,1,0,0,0.0022783761391880694,0.002899751449875725,0.005799502899751449,0.0006213753106876553,0.0,0.0,0.012427506213753107,0.02236951118475559,0.026719138359569176,337.84,0,5,5.0,1,1,1,173.86,5.0
52,9,0.00020712510356255177,0,0,0,0,0.0006213753106876553,0.0,0.012634631317315658,0.0,0.08657829328914664,0.0012427506213753105,0.0004142502071251035,0.0012427506213753105,0.07580778790389395,10.51,0,16,4.0,1,1,1,14.18,4.0
52,10,0.00020712510356255177,1,1,0,0,0.00020712510356255177,0.0006213753106876553,0.0,0.012634631317315658,0.0,0.08657829328914664,0.0012427506213753105,0.0004142502071251035,0.0012427506213753105,10.51,0,16,4.0,1,1,1,14.18,4.0
138,9,0.0004142502071251035,0,0,0,0,0.0004142502071251035,0.0004142502071251035,0.0014498757249378623,0.0006213753106876553,0.0012427506213753105,0.056545153272576636,0.00020712510356255177,0.0014498757249378623,0.0012427506213753105,11.85,0,16,5.0,1,6,1,11.0,4.0
138,10,0.0012427506213753105,1,1,0,0,0.0004142502071251035,0.0004142502071251035,0.0004142502071251035,0.0014498757249378623,0.0006213753106876553,0.0012427506213753105,0.056545153272576636,0.00020712510356255177,0.0014498757249378623,11.85,0,16,5.0,1,6,1,11.0,4.0
170,10,0.0,1,1,0,0,0.0,0.017812758906379452,0.0004142502071251035,0.00020712510356255177,0.0008285004142502071,0.0,0.00020712510356255177,0.00020712510356255177,0.018227009113504555,20.2,0,19,5.0,1,6,1,25.42,4.0
171,9,0.0,0,0,0,0,0.02236951118475559,0.0006213753106876553,0.0,0.00020712510356255177,0.0004142502071251035,0.007663628831814416,0.0004142502071251035,0.02464788732394366,0.0,79.59,0,19,5.0,1,6,1,44.32,2.0
171,10,0.0,1,1,0,0,0.0,0.02236951118475559,0.0006213753106876553,0.0,0.00020712510356255177,0.0004142502071251035,0.007663628831814416,0.0004142502071251035,0.02464788732394366,79.59,0,19,5.0,1,6,1,44.32,2.0
180,10,0.013048881524440762,1,1,0,0,0.0,0.030861640430820212,0.0,0.0,0.0,0.0,0.0,0.0,0.00020712510356255177,12.62,0,14,4.0,1,1,1,18.67,2.0
194,9,0.0004142502071251035,0,0,0,0,0.0006213753106876553,0.03127589063794532,0.0,0.0004142502071251035,0.0006213753106876553,0.0004142502071251035,0.0008285004142502071,0.0010356255178127587,0.0012427506213753105,11.4,0,22,5.0,1,5,1,17.18,4.0
194,10,0.00020712510356255177,1,1,0,0,0.0004142502071251035,0.0006213753106876553,0.03127589063794532,0.0,0.0004142502071251035,0.0006213753106876553,0.0004142502071251035,0.0008285004142502071,0.0010356255178127587,11.4,0,22,5.0,1,5,1,17.18,4.0
202,9,0.0,0,0,0,0,0.0,0.005385252692626346,0.0,0.005385252692626346,0.02837613918806959,0.00020712510356255177,0.010356255178127589,0.0004142502071251035,0.025269262634631313,36.63,0,8,4.67,1,4,1,25.57,4.0
202,10,0.0004142502071251035,1,1,0,0,0.0,0.0,0.005385252692626346,0.0,0.005385252692626346,0.02837613918806959,0.00020712510356255177,0.010356255178127589,0.0004142502071251035,36.63,0,8,4.67,1,4,1,25.57,4.0
218,9,0.0014498757249378623,0,0,0,0,0.0006213753106876553,0.0004142502071251035,0.0008285004142502071,0.0008285004142502071,0.0004142502071251035,0.0010356255178127587,0.00020712510356255177,0.001864125932062966,0.050745650372825184,15.45,0,16,5.0,1,1,1,11.48,4.0
218,10,0.0014498757249378623,1,1,0,0,0.0014498757249378623,0.0006213753106876553,0.0004142502071251035,0.0008285004142502071,0.0008285004142502071,0.0004142502071251035,0.0010356255178127587,0.00020712510356255177,0.001864125932062966,15.45,0,16,5.0,1,1,1,11.48,4.0
273,9,0.0004142502071251035,0,0,0,0,0.0004142502071251035,0.0004142502071251035,0.0,0.011184755592377795,0.019884009942004968,0.0014498757249378623,0.11619718309859155,0.0033140016570008283,0.2812758906379453,15.89,0,11,5.0,1,5,1,28.35,5.0
332,9,0.0,0,0,0,0,0.0006213753106876553,0.0,0.0,0.0,0.00020712510356255177,0.0006213753106876553,0.0004142502071251035,0.009527754763877381,0.020919635459817728,23.9,0,20,4.83,1,5,1,35.51,4.0
355,9,0.0004142502071251035,0,0,0,0,0.007249378624689312,0.0012427506213753105,0.033347141673570835,0.0,0.0004142502071251035,0.02816901408450704,0.00020712510356255177,0.003935376967688484,0.0004142502071251035,7.38,0,19,5.0,1,4,1,23.54,4.0
355,10,0.0008285004142502071,1,1,0,0,0.0004142502071251035,0.007249378624689312,0.0012427506213753105,0.033347141673570835,0.0,0.0004142502071251035,0.02816901408450704,0.00020712510356255177,0.003935376967688484,7.38,0,19,5.0,1,4,1,23.54,4.0
389,9,0.00020712510356255177,0,0,0,0,0.037903893951946974,0.0004142502071251035,0.0,0.0006213753106876553,0.0004142502071251035,0.00020712510356255177,0.0006213753106876553,0.006213753106876553,0.0,37.85,0,14,5.0,1,1,1,20.28,4.0
389,10,0.0004142502071251035,1,1,0,0,0.00020712510356255177,0.037903893951946974,0.0004142502071251035,0.0,0.0006213753106876553,0.0004142502071251035,0.00020712510356255177,0.0006213753106876553,0.006213753106876553,37.85,0,14,5.0,1,1,1,20.28,4.0
429,9,0.0006213753106876553,0,0,0,0,0.0004142502071251035,0.08285004142502071,0.0,0.00020712510356255177,0.0,0.0006213753106876553,0.00020712510356255177,0.016984258492129242,0.0,1.82,0,7,0.0,1,6,1,9.85,4.0
429,10,0.0006213753106876553,1,1,0,0,0.0006213753106876553,0.0004142502071251035,0.08285004142502071,0.0,0.00020712510356255177,0.0,0.0006213753106876553,0.00020712510356255177,0.016984258492129242,1.82,0,7,0.0,1,6,1,9.85,4.0
436,9,0.020919635459817728,0,0,0,0,0.010977630488815244,0.008699254349627174,0.03500414250207125,0.019469759734879865,0.0006213753106876553,0.0,0.0047638773819386904,0.0,0.005799502899751449,18.14,0,2,3.5,1,6,1,24.52,4.0
436,10,0.009527754763877381,1,1,0,0,0.020919635459817728,0.010977630488815244,0.008699254349627174,0.03500414250207125,0.019469759734879865,0.0006213753106876553,0.0,0.0047638773819386904,0.0,18.14,0,2,3.5,1,6,1,24.52,4.0
458,9,0.0004142502071251035,0,0,0,0,0.0006213753106876553,0.00020712510356255177,0.009113504556752278,0.0,0.03127589063794532,0.0,0.0004142502071251035,0.007456503728251864,0.0,143.08,0,19,5.0,1,1,1,115.06,4.0
458,10,0.0006213753106876553,1,1,0,0,0.0004142502071251035,0.0006213753106876553,0.00020712510356255177,0.009113504556752278,0.0,0.03127589063794532,0.0,0.0004142502071251035,0.007456503728251864,143.08,0,19,5.0,1,1,1,115.06,4.0
466,9,0.0035211267605633804,0,0,0,0,0.01657000828500414,0.01056338028169014,0.0051781275890637945,0.0,0.00020712510356255177,0.0008285004142502071,0.023198011599005797,0.008492129246064623,0.00020712510356255177,6.62,0,6,2.0,1,6,1,22.9,4.0
468,9,0.002899751449875725,0,0,0,0,0.01864125932062966,0.0008285004142502071,0.0,0.0006213753106876553,0.0031068765534382767,0.007870753935376968,0.0035211267605633804,0.021748135874067934,0.0,123.25,0,19,5.0,1,5,1,64.86,4.0
468,10,0.0,1,1,0,0,0.002899751449875725,0.01864125932062966,0.0008285004142502071,0.0,0.0006213753106876553,0.0031068765534382767,0.007870753935376968,0.0035211267605633804,0.021748135874067934,123.25,0,19,5.0,1,5,1,64.86,4.0
492,9,0.0,0,0,0,0,0.0,0.00020712510356255177,0.00020712510356255177,0.0006213753106876553,0.0006213753106876553,0.0008285004142502071,0.0010356255178127587,0.0016570008285004142,0.02381938690969345,37.81,0,24,5.0,1,5,1,19.74,4.0
492,10,0.0004142502071251035,1,1,0,0,0.0,0.0,0.00020712510356255177,0.00020712510356255177,0.0006213753106876553,0.0006213753106876553,0.0008285004142502071,0.0010356255178127587,0.0016570008285004142,37.81,0,24,5.0,1,5,1,19.74,4.0
501,9,0.0004142502071251035,0,0,0,0,0.0016570008285004142,0.0033140016570008283,0.0,0.002692626346313173,0.012013256006628004,0.0004142502071251035,0.014705882352941176,0.0006213753106876553,0.004142502071251036,11.01,0,6,0.0,1,5,1,46.44,4.0
520,9,0.0,0,0,0,0,0.0,0.014913007456503728,0.00020712510356255177,0.0008285004142502071,0.0463960231980116,0.0008285004142502071,0.00020712510356255177,0.00020712510356255177,0.011184755592377795,9.32,0,2,3.67,1,5,1,13.86,4.0
520,10,0.0,1,1,0,0,0.0,0.0,0.014913007456503728,0.00020712510356255177,0.0008285004142502071,0.0463960231980116,0.0008285004142502071,0.00020712510356255177,0.00020712510356255177,9.32,0,2,3.67,1,5,1,13.86,4.0
602,9,0.0006213753106876553,0,0,0,0,0.0004142502071251035,0.00020712510356255177,0.0627589063794532,0.0004142502071251035,0.00020712510356255177,0.00020712510356255177,0.006006628003314002,0.0010356255178127587,0.00020712510356255177,4.83,0,4,3.0,1,4,1,9.29,4.0
602,10,0.00020712510356255177,1,1,0,0,0.0006213753106876553,0.0004142502071251035,0.00020712510356255177,0.0627589063794532,0.0004142502071251035,0.00020712510356255177,0.00020712510356255177,0.006006628003314002,0.0010356255178127587,4.83,0,4,3.0,1,4,1,9.29,4.0
613,9,0.04246064623032311,0,0,0,0,0.0004142502071251035,0.00020712510356255177,0.0,0.0006213753106876553,0.0010356255178127587,0.0008285004142502071,0.019469759734879865,0.0010356255178127587,0.04225352112676056,36.06,0,22,3.0,1,6,1,14.75,4.0
613,10,0.0006213753106876553,1,1,0,0,0.04246064623032311,0.0004142502071251035,0.00020712510356255177,0.0,0.0006213753106876553,0.0010356255178127587,0.0008285004142502071,0.019469759734879865,0.0010356255178127587,36.06,0,22,3.0,1,6,1,14.75,4.0
1808,9,0.0004142502071251035,0,0,0,0,0.001864125932062966,0.00020712510356255177,0.0008285004142502071,0.0006213753106876553,0.00020712510356255177,0.0010356255178127587,0.0,0.0,0.00020712510356255177,53.99,3,37,5.0,2,8,2,54.66,4.0
1808,10,0.0,1,1,0,0,0.0004142502071251035,0.001864125932062966,0.00020712510356255177,0.0008285004142502071,0.0006213753106876553,0.00020712510356255177,0.0010356255178127587,0.0,0.0,53.99,3,37,5.0,2,8,2,54.66,4.0
1880,10,0.0010356255178127587,1,1,0,0,0.0004142502071251035,0.03914664457332229,0.0012427506213753105,0.004142502071251036,0.018019884009942002,0.00020712510356255177,0.0010356255178127587,0.03831814415907208,0.0,11.83,7,42,0.0,2,9,2,29.99,4.0
1998,9,0.0,0,0,0,0,0.0,0.0004142502071251035,0.0,0.01657000828500414,0.00020712510356255177,0.04743164871582436,0.00020712510356255177,0.0006213753106876553,0.0006213753106876553,27.77,21,23,3.67,2,11,2,14.04,4.0
1998,10,0.0,1,1,0,0,0.0,0.0,0.0004142502071251035,0.0,0.01657000828500414,0.00020712510356255177,0.04743164871582436,0.00020712510356255177,0.0006213753106876553,27.77,21,23,3.67,2,11,2,14.04,4.0
4208,9,0.0031068765534382767,0,0,0,0,0.4881938690969345,0.0012427506213753105,0.002071251035625518,0.0016570008285004142,0.0528169014084507,0.0033140016570008283,0.17253521126760563,0.3427920463960232,0.574357912178956,18.13,0,73,3.24,6,18,3,9.52,5.0
4208,10,0.002071251035625518,1,1,0,0,0.0031068765534382767,0.4881938690969345,0.0012427506213753105,0.002071251035625518,0.0016570008285004142,0.0528169014084507,0.0033140016570008283,0.17253521126760563,0.3427920463960232,18.13,0,73,3.24,6,18,3,9.52,5.0
4230,9,0.0014498757249378623,0,0,0,0,0.0024855012427506215,0.005385252692626346,0.00020712510356255177,0.0008285004142502071,0.0012427506213753105,0.001864125932062966,0.002899751449875725,0.002692626346313173,0.0008285004142502071,7.46,0,98,4.92,7,23,3,9.92,4.0
4230,10,0.0,1,1,0,0,0.0014498757249378623,0.0024855012427506215,0.005385252692626346,0.00020712510356255177,0.0008285004142502071,0.0012427506213753105,0.001864125932062966,0.002899751449875725,0.002692626346313173,7.46,0,98,4.92,7,23,3,9.92,4.0
4234,9,0.00020712510356255177,0,0,0,0,0.019469759734879865,0.0014498757249378623,0.02713338856669428,0.0037282518641259324,0.0006213753106876553,0.0006213753106876553,0.0014498757249378623,0.009113504556752278,0.02154101077050538,112.9,0,91,4.43,6,18,3,136.4,4.0
4244,9,0.0004142502071251035,0,0,0,0,0.0,0.00020712510356255177,0.0,0.0,0.0006213753106876553,0.00020712510356255177,0.01926263463131731,0.0004142502071251035,0.0004142502071251035,28.96,0,97,0.0,6,16,3,14.16,4.0
4244,10,0.0008285004142502071,1,1,0,0,0.0004142502071251035,0.0,0.00020712510356255177,0.0,0.0,0.0006213753106876553,0.00020712510356255177,0.01926263463131731,0.0004142502071251035,28.96,0,97,0.0,6,16,3,14.16,4.0
4246,9,0.0004142502071251035,0,0,0,0,0.0004142502071251035,0.0004142502071251035,0.0016570008285004142,0.15182270091135044,0.1688069594034797,0.0,0.00020712510356255177,0.0010356255178127587,0.0008285004142502071,14.99,79,80,1.8,6,18,3,11.78,4.0
4246,10,0.0010356255178127587,1,1,0,0,0.0004142502071251035,0.0004142502071251035,0.0004142502071251035,0.0016570008285004142,0.15182270091135044,0.1688069594034797,0.0,0.00020712510356255177,0.0010356255178127587,14.99,79,80,1.8,6,18,3,11.78,4.0
4277,9,0.0004142502071251035,0,0,0,0,0.00020712510356255177,0.0004142502071251035,0.0004142502071251035,0.0,0.0,0.0004142502071251035,0.0008285004142502071,0.0014498757249378623,0.014705882352941176,13.66,80,93,5.0,6,20,3,10.8,4.0
4277,10,0.0,1,1,0,0,0.0004142502071251035,0.00020712510356255177,0.0004142502071251035,0.0004142502071251035,0.0,0.0,0.0004142502071251035,0.0008285004142502071,0.0014498757249378623,13.66,80,93,5.0,6,20,3,10.8,4.0
4293,10,0.0051781275890637945,1,1,0,0,0.0004142502071251035,0.009734879867439932,0.006835128417564208,0.20774647887323944,0.022162386081193038,0.14726594863297432,0.001864125932062966,0.0047638773819386904,0.0014498757249378623,3.07,0,101,4.85,6,19,3,7.39,5.0
4297,9,0.12178956089478045,0,0,0,0,0.06441590720795361,0.1636288318144159,0.5965202982601491,0.035418392709196354,0.009113504556752278,0.13670256835128416,0.5279618889809444,0.010149130074565037,0.003935376967688484,9.17,0,70,5.0,6,18,3,11.01,5.0
4297,10,0.11516155758077878,1,1,0,0,0.12178956089478045,0.06441590720795361,0.1636288318144159,0.5965202982601491,0.035418392709196354,0.009113504556752278,0.13670256835128416,0.5279618889809444,0.010149130074565037,9.17,0,70,5.0,6,18,3,11.01,5.0
4303,9,0.00020712510356255177,0,0,0,0,0.00020712510356255177,0.021955260977630488,0.0,0.0004142502071251035,0.00020712510356255177,0.0,0.0,0.0,0.0,2.37,80,93,0.0,6,19,3,4.76,2.0
4303,10,0.00020712510356255177,1,1,0,0,0.00020712510356255177,0.00020712510356255177,0.021955260977630488,0.0,0.0004142502071251035,0.00020712510356255177,0.0,0.0,0.0,2.37,80,93,0.0,6,19,3,4.76,2.0
4307,9,0.00020712510356255177,0,0,0,0,0.0012427506213753105,0.00020712510356255177,0.0008285004142502071,0.0016570008285004142,0.0008285004142502071,0.0004142502071251035,0.0016570008285004142,0.001864125932062966,0.007870753935376968,6.69,0,91,5.0,6,18,3,8.91,4.0
4307,10,0.0012427506213753105,1,1,0,0,0.00020712510356255177,0.0012427506213753105,0.00020712510356255177,0.0008285004142502071,0.0016570008285004142,0.0008285004142502071,0.0004142502071251035,0.0016570008285004142,0.001864125932062966,6.69,0,91,5.0,6,18,3,8.91,4.0
4310,9,0.27444076222038105,0,0,0,0,0.04225352112676056,0.0008285004142502071,0.050331400165700084,0.06379453189726594,0.0008285004142502071,0.00020712510356255177,0.0010356255178127587,0.002071251035625518,0.0022783761391880694,13.32,84,70,5.0,3,29,3,11.78,4.0
4310,10,0.002692626346313173,1,1,0,0,0.27444076222038105,0.04225352112676056,0.0008285004142502071,0.050331400165700084,0.06379453189726594,0.0008285004142502071,0.00020712510356255177,0.0010356255178127587,0.002071251035625518,13.32,84,70,5.0,3,29,3,11.78,4.0
4322,9,0.0014498757249378623,0,0,0,0,0.0014498757249378623,0.1313173156586578,0.5225766362883181,0.0008285004142502071,0.0006213753106876553,0.001864125932062966,0.0031068765534382767,0.24337199668599832,0.6091549295774648,21.08,0,100,5.0,3,12,3,15.61,5.0
4322,10,0.03458989229494615,1,1,0,0,0.0014498757249378623,0.0014498757249378623,0.1313173156586578,0.5225766362883181,0.0008285004142502071,0.0006213753106876553,0.001864125932062966,0.0031068765534382767,0.24337199668599832,21.08,0,100,5.0,3,12,3,15.61,5.0
4326,9,0.0006213753106876553,0,0,0,0,0.0006213753106876553,0.0004142502071251035,0.0006213753106876553,0.0012427506213753105,0.0006213753106876553,0.2129246064623032,0.0008285004142502071,0.0012427506213753105,0.06938690969345485,3.34,0,106,5.0,3,12,3,4.43,4.0
4326,10,0.0004142502071251035,1,1,0,0,0.0006213753106876553,0.0006213753106876553,0.0004142502071251035,0.0006213753106876553,0.0012427506213753105,0.0006213753106876553,0.2129246064623032,0.0008285004142502071,0.0012427506213753105,3.34,0,106,5.0,3,12,3,4.43,4.0
4345,9,0.0008285004142502071,0,0,0,0,0.020712510356255175,0.0,0.0004142502071251035,0.002071251035625518,0.010770505385252692,0.00020712510356255177,0.00020712510356255177,0.00020712510356255177,0.04867439933719967,2.69,0,70,0.0,5,30,3,2.86,2.0
4345,10,0.0,1,1,0,0,0.0008285004142502071,0.020712510356255175,0.0,0.0004142502071251035,0.002071251035625518,0.010770505385252692,0.00020712510356255177,0.00020712510356255177,0.00020712510356255177,2.69,0,70,0.0,5,30,3,2.86,2.0
4359,9,0.00020712510356255177,0,0,0,0,0.0022783761391880694,0.0652444076222038,0.0012427506213753105,0.04453189726594863,0.00020712510356255177,0.0012427506213753105,0.0006213753106876553,0.0004142502071251035,0.0,7.32,0,61,1.0,6,18,3,7.04,4.0
4359,10,0.0008285004142502071,1,1,0,0,0.00020712510356255177,0.0022783761391880694,0.0652444076222038,0.0012427506213753105,0.04453189726594863,0.00020712510356255177,0.0012427506213753105,0.0006213753106876553,0.0004142502071251035,7.32,0,61,1.0,6,18,3,7.04,4.0
4426,9,0.0004142502071251035,0,0,0,0,0.0006213753106876553,0.01408450704225352,0.02133388566694283,0.0006213753106876553,0.016984258492129242,0.027961888980944486,0.06462303231151616,0.015741507870753933,0.006420878210439105,317.38,0,70,0.0,3,29,3,174.15,5.0
4426,10,0.03603976801988401,1,1,0,0,0.0004142502071251035,0.0006213753106876553,0.01408450704225352,0.02133388566694283,0.0006213753106876553,0.016984258492129242,0.027961888980944486,0.06462303231151616,0.015741507870753933,317.38,0,70,0.0,3,29,3,174.15,5.0
4477,9,0.006006628003314002,0,0,0,0,0.0014498757249378623,0.018019884009942002,0.026512013256006627,0.004556752278376139,0.011391880695940347,0.02029826014913007,0.03148301574150787,0.0691797845898923,0.14333057166528582,114.39,0,122,4.0,3,29,3,118.68,5.0
4477,10,0.0004142502071251035,1,1,0,0,0.006006628003314002,0.0014498757249378623,0.018019884009942002,0.026512013256006627,0.004556752278376139,0.011391880695940347,0.02029826014913007,0.03148301574150787,0.0691797845898923,114.39,0,122,4.0,3,29,3,118.68,5.0
4874,9,0.0006213753106876553,0,0,0,0,0.0004142502071251035,0.13815244407622204,0.23342999171499584,0.4281275890637945,0.0012427506213753105,0.007249378624689312,0.061309030654515324,0.07394366197183098,0.007249378624689312,10.23,0,51,2.06,5,28,4,11.29,5.0
4874,10,0.021126760563380278,1,1,0,0,0.0006213753106876553,0.0004142502071251035,0.13815244407622204,0.23342999171499584,0.4281275890637945,0.0012427506213753105,0.007249378624689312,0.061309030654515324,0.07394366197183098,10.23,0,51,2.06,5,28,4,11.29,5.0
4881,9,0.00020712510356255177,0,0,0,0,0.019055509527754762,0.05178127589063795,0.043496271748135876,0.03603976801988401,0.06255178127589063,0.035211267605633804,0.06193040596520298,0.07311516155758077,0.0014498757249378623,10.23,0,66,4.44,5,28,4,7.87,5.0
4881,10,0.04308202154101077,1,1,0,0,0.00020712510356255177,0.019055509527754762,0.05178127589063795,0.043496271748135876,0.03603976801988401,0.06255178127589063,0.035211267605633804,0.06193040596520298,0.07311516155758077,10.23,0,66,4.44,5,28,4,7.87,5.0
4887,9,0.021126760563380278,0,0,0,0,0.05343827671913836,0.0006213753106876553,0.0008285004142502071,0.0008285004142502071,0.0006213753106876553,0.0014498757249378623,0.0024855012427506215,0.0022783761391880694,0.0012427506213753105,15.51,0,66,5.0,5,21,4,6.42,5.0
4887,10,0.12013256006628002,1,1,0,0,0.021126760563380278,0.05343827671913836,0.0006213753106876553,0.0008285004142502071,0.0008285004142502071,0.0006213753106876553,0.0014498757249378623,0.0024855012427506215,0.0022783761391880694,15.51,0,66,5.0,5,21,4,6.42,5.0
4889,10,0.023198011599005797,1,1,0,0,0.001864125932062966,0.04225352112676056,0.03458989229494615,0.0004142502071251035,0.03396851698425849,0.013048881524440762,0.0347970173985087,0.022990886495443244,0.021955260977630488,4.09,88,51,4.25,5,28,4,8.32,4.0
4896,9,0.07228666114333057,0,0,0,0,0.004142502071251036,0.03458989229494615,0.10791217895608947,0.0037282518641259324,0.0014498757249378623,0.08574979287489644,0.09734879867439933,0.16010770505385252,0.002692626346313173,2.44,92,80,3.4,5,21,4,7.74,5.0
4896,10,0.19034797017398508,1,1,0,0,0.07228666114333057,0.004142502071251036,0.03458989229494615,0.10791217895608947,0.0037282518641259324,0.0014498757249378623,0.08574979287489644,0.09734879867439933,0.16010770505385252,2.44,92,80,3.4,5,21,4,7.74,5.0
4931,9,0.36350455675227833,0,0,0,0,0.05550952775476388,0.009942004971002486,0.002071251035625518,0.1060480530240265,0.3407207953603976,0.0024855012427506215,0.0024855012427506215,0.004349627174813587,0.46292460646230316,14.81,0,66,5.0,5,21,4,8.9,5.0
4931,10,0.0012427506213753105,1,1,0,0,0.36350455675227833,0.05550952775476388,0.009942004971002486,0.002071251035625518,0.1060480530240265,0.3407207953603976,0.0024855012427506215,0.0024855012427506215,0.004349627174813587,14.81,0,66,5.0,5,21,4,8.9,5.0
4935,9,0.001864125932062966,0,0,0,0,0.10729080364540182,0.0006213753106876553,0.0010356255178127587,0.0010356255178127587,0.0010356255178127587,0.0631731565865783,0.07187241093620547,0.001864125932062966,0.0024855012427506215,22.33,0,70,2.25,5,30,4,16.38,5.0
4935,10,0.001864125932062966,1,1,0,0,0.001864125932062966,0.10729080364540182,0.0006213753106876553,0.0010356255178127587,0.0010356255178127587,0.0010356255178127587,0.0631731565865783,0.07187241093620547,0.001864125932062966,22.33,0,70,2.25,5,30,4,16.38,5.0
4951,9,0.0024855012427506215,0,0,0,0,0.002692626346313173,0.02029826014913007,0.00020712510356255177,0.0006213753106876553,0.0,0.0033140016570008283,0.0006213753106876553,0.025476387738193867,0.00020712510356255177,136.16,89,100,0.0,5,30,4,96.05,4.0
4951,10,0.0,1,1,0,0,0.0024855012427506215,0.002692626346313173,0.02029826014913007,0.00020712510356255177,0.0006213753106876553,0.0,0.0033140016570008283,0.0006213753106876553,0.025476387738193867,136.16,89,100,0.0,5,30,4,96.05,4.0
4962,9,0.07394366197183098,0,0,0,0,0.11391880695940347,0.004971002485501243,0.16342170671085335,0.025269262634631313,0.003935376967688484,0.004349627174813587,0.0035211267605633804,0.012427506213753107,0.2825186412593206,3.94,90,80,3.97,5,21,4,9.6,5.0
4962,10,0.0016570008285004142,1,1,0,0,0.07394366197183098,0.11391880695940347,0.004971002485501243,0.16342170671085335,0.025269262634631313,0.003935376967688484,0.004349627174813587,0.0035211267605633804,0.012427506213753107,3.94,90,80,3.97,5,21,4,9.6,5.0
4965,9,0.0024855012427506215,0,0,0,0,0.0022783761391880694,0.08947804473902236,0.06752278376139188,0.0022783761391880694,0.0010356255178127587,0.06710853355426677,0.0012427506213753105,0.0014498757249378623,0.002071251035625518,284.97,0,100,4.57,5,30,4,112.2,5.0
4965,10,0.0008285004142502071,1,1,0,0,0.0024855012427506215,0.0022783761391880694,0.08947804473902236,0.06752278376139188,0.0022783761391880694,0.0010356255178127587,0.06710853355426677,0.0012427506213753105,0.0014498757249378623,284.97,0,100,4.57,5,30,4,112.2,5.0
4970,10,0.025683512841756417,1,1,0,0,0.00020712510356255177,0.0004142502071251035,0.0004142502071251035,0.0012427506213753105,0.06648715824357912,0.0016570008285004142,0.0008285004142502071,0.0008285004142502071,0.08450704225352113,29.56,0,100,2.67,7,23,4,14.4,4.0
4974,9,0.0006213753106876553,0,0,0,0,0.004349627174813587,0.0035211267605633804,0.0008285004142502071,0.0037282518641259324,0.004349627174813587,0.002899751449875725,0.0010356255178127587,0.0035211267605633804,0.0037282518641259324,14.67,90,80,4.05,5,21,4,10.85,5.0
4974,10,0.06545153272576636,1,1,0,0,0.0006213753106876553,0.004349627174813587,0.0035211267605633804,0.0008285004142502071,0.0037282518641259324,0.004349627174813587,0.002899751449875725,0.0010356255178127587,0.0035211267605633804,14.67,90,80,4.05,5,21,4,10.85,5.0
4985,9,0.0004142502071251035,0,0,0,0,0.0006213753106876553,0.025062137531068764,0.0010356255178127587,0.002692626346313173,0.3073736536868268,0.4910936205468102,0.00020712510356255177,0.00020712510356255177,0.00020712510356255177,22.69,0,45,4.0,5,28,4,12.28,5.0
4985,10,0.00020712510356255177,1,1,0,0,0.0004142502071251035,0.0006213753106876553,0.025062137531068764,0.0010356255178127587,0.002692626346313173,0.3073736536868268,0.4910936205468102,0.00020712510356255177,0.00020712510356255177,22.69,0,45,4.0,5,28,4,12.28,5.0
4991,9,0.0006213753106876553,0,0,0,0,0.0004142502071251035,0.006835128417564208,0.0004142502071251035,0.0004142502071251035,0.0012427506213753105,0.05012427506213753,0.0006213753106876553,0.10791217895608947,0.0,105.44,89,100,3.67,5,30,4,79.36,4.0
4998,9,0.0004142502071251035,0,0,0,0,0.002692626346313173,0.06296603148301574,0.0004142502071251035,0.05323115161557581,0.08947804473902236,0.0528169014084507,0.2087821043910522,0.0008285004142502071,0.0016570008285004142,1.55,0,45,5.0,5,21,4,5.4,4.0
4998,10,0.00020712510356255177,1,1,0,0,0.0004142502071251035,0.002692626346313173,0.06296603148301574,0.0004142502071251035,0.05323115161557581,0.08947804473902236,0.0528169014084507,0.2087821043910522,0.0008285004142502071,1.55,0,45,5.0,5,21,4,5.4,4.0
4999,9,0.00020712510356255177,0,0,0,0,0.0006213753106876553,0.00020712510356255177,0.0006213753106876553,0.0006213753106876553,0.016777133388566692,0.03997514498757249,0.394159072079536,0.10128417564208782,0.0008285004142502071,10.83,0,45,3.67,5,21,4,10.5,4.0
4999,10,0.0,1,1,0,0,0.00020712510356255177,0.0006213753106876553,0.00020712510356255177,0.0006213753106876553,0.0006213753106876553,0.016777133388566692,0.03997514498757249,0.394159072079536,0.10128417564208782,10.83,0,45,3.67,5,21,4,10.5,4.0
5004,9,0.0,0,0,0,0,0.0006213753106876553,0.00020712510356255177,0.0,0.048053024026512015,0.00020712510356255177,0.0627589063794532,0.010149130074565037,0.0004142502071251035,0.0,40.75,0,45,4.5,5,28,4,21.46,4.0
5004,10,0.00020712510356255177,1,1,0,0,0.0,0.0006213753106876553,0.00020712510356255177,0.0,0.048053024026512015,0.00020712510356255177,0.0627589063794532,0.010149130074565037,0.0004142502071251035,40.75,0,45,4.5,5,28,4,21.46,4.0
5019,9,0.0,0,0,0,0,0.00020712510356255177,0.0006213753106876553,0.0004142502071251035,0.00020712510356255177,0.0004142502071251035,0.00020712510356255177,0.0014498757249378623,0.11164043082021541,0.0,32.64,0,100,2.0,5,30,4,53.22,4.0
5019,10,0.0,1,1,0,0,0.0,0.00020712510356255177,0.0006213753106876553,0.0004142502071251035,0.00020712510356255177,0.0004142502071251035,0.00020712510356255177,0.0014498757249378623,0.11164043082021541,32.64,0,100,2.0,5,30,4,53.22,4.0
5022,9,0.001864125932062966,0,0,0,0,0.001864125932062966,0.0022783761391880694,0.0024855012427506215,0.0024855012427506215,0.0033140016570008283,0.002899751449875725,0.20629660314830156,0.004556752278376139,0.043496271748135876,17.38,82,96,4.5,5,21,4,6.9,5.0
5022,10,0.0010356255178127587,1,1,0,0,0.001864125932062966,0.001864125932062966,0.0022783761391880694,0.0024855012427506215,0.0024855012427506215,0.0033140016570008283,0.002899751449875725,0.20629660314830156,0.004556752278376139,17.38,82,96,4.5,5,21,4,6.9,5.0
5029,9,0.3806959403479701,0,0,0,0,0.002071251035625518,0.0008285004142502071,0.004142502071251036,0.005799502899751449,0.4830157415078707,0.002692626346313173,0.0012427506213753105,0.007249378624689312,0.0016570008285004142,14.73,90,80,4.0,5,21,4,15.93,5.0
5029,10,0.0014498757249378623,1,1,0,0,0.3806959403479701,0.002071251035625518,0.0008285004142502071,0.004142502071251036,0.005799502899751449,0.4830157415078707,0.002692626346313173,0.0012427506213753105,0.007249378624689312,14.73,90,80,4.0,5,21,4,15.93,5.0
5030,9,0.0,0,0,0,0,0.0016570008285004142,0.0,0.0,0.0004142502071251035,0.02257663628831814,0.0035211267605633804,0.25828500414250205,0.1567937033968517,0.11246893123446561,12.37,0,143,4.0,5,28,4,8.73,4.0
5035,9,0.24378624689312345,0,0,0,0,0.243993371996686,0.20629660314830156,0.23260149130074564,0.08264291632145816,0.4788732394366197,0.2555923777961889,0.3077879038939519,0.002692626346313173,0.0037282518641259324,31.44,90,80,3.41,5,21,4,17.49,5.0
5035,10,0.1271748135874068,1,1,0,0,0.24378624689312345,0.243993371996686,0.20629660314830156,0.23260149130074564,0.08264291632145816,0.4788732394366197,0.2555923777961889,0.3077879038939519,0.002692626346313173,31.44,90,80,3.41,5,21,4,17.49,5.0
5037,9,0.0010356255178127587,0,0,0,0,0.048053024026512015,0.0008285004142502071,0.03210439105219553,0.012013256006628004,0.00020712510356255177,0.004349627174813587,0.001864125932062966,0.07642916321458161,0.00020712510356255177,40.24,89,100,1.0,5,30,4,37.56,4.0
5037,10,0.003935376967688484,1,1,0,0,0.0010356255178127587,0.048053024026512015,0.0008285004142502071,0.03210439105219553,0.012013256006628004,0.00020712510356255177,0.004349627174813587,0.001864125932062966,0.07642916321458161,40.24,89,100,1.0,5,30,4,37.56,4.0
5039,9,0.04287489643744822,0,0,0,0,0.001864125932062966,0.09092792046396023,0.0035211267605633804,0.32332228666114327,0.43620546810273403,0.00020712510356255177,0.0006213753106876553,0.001864125932062966,0.4409693454846727,4.86,0,136,4.89,5,28,4,5.25,5.0
5039,10,0.12572493786246894,1,1,0,0,0.04287489643744822,0.001864125932062966,0.09092792046396023,0.0035211267605633804,0.32332228666114327,0.43620546810273403,0.00020712510356255177,0.0006213753106876553,0.001864125932062966,4.86,0,136,4.89,5,28,4,5.25,5.0
5048,9,0.05115990057995029,0,0,0,0,0.0871996685998343,0.2833471416735708,0.00020712510356255177,0.0,0.001864125932062966,0.05323115161557581,0.02589063794531897,0.005799502899751449,0.11184755592377796,1.11,0,110,0.0,5,15,4,4.67,5.0
5048,10,0.056752278376139186,1,1,0,0,0.05115990057995029,0.0871996685998343,0.2833471416735708,0.00020712510356255177,0.0,0.001864125932062966,0.05323115161557581,0.02589063794531897,0.005799502899751449,1.11,0,110,0.0,5,15,4,4.67,5.0
5063,9,0.0004142502071251035,0,0,0,0,0.0004142502071251035,0.04701739850869925,0.0,0.0004142502071251035,0.017191383595691796,0.0008285004142502071,0.0006213753106876553,0.011391880695940347,0.0,7.22,0,45,0.0,5,28,4,10.95,4.0
5063,10,0.0004142502071251035,1,1,0,0,0.0004142502071251035,0.0004142502071251035,0.04701739850869925,0.0,0.0004142502071251035,0.017191383595691796,0.0008285004142502071,0.0006213753106876553,0.011391880695940347,7.22,0,45,0.0,5,28,4,10.95,4.0
5080,10,0.0,1,1,0,0,0.0,0.002071251035625518,0.04660314830157415,0.0006213753106876553,0.0006213753106876553,0.0631731565865783,0.0006213753106876553,0.1103976801988401,0.0,13.76,88,51,5.0,5,28,4,18.79,4.0
5083,9,0.0008285004142502071,0,0,0,0,0.002899751449875725,0.031068765534382762,0.0008285004142502071,0.02257663628831814,0.0,0.0006213753106876553,0.0,0.00020712510356255177,0.00020712510356255177,0.42,89,100,5.0,5,28,4,10.02,4.0
5087,9,0.0004142502071251035,0,0,0,0,0.0,0.0014498757249378623,0.0010356255178127587,0.0,0.0004142502071251035,0.001864125932062966,0.02133388566694283,0.0035211267605633804,0.08595691797845899,25.45,91,66,0.0,5,28,4,13.56,4.0
5087,10,0.0,1,1,0,0,0.0004142502071251035,0.0,0.0014498757249378623,0.0010356255178127587,0.0,0.0004142502071251035,0.001864125932062966,0.02133388566694283,0.0035211267605633804,25.45,91,66,0.0,5,28,4,13.56,4.0
5115,9,0.0014498757249378623,0,0,0,0,0.002899751449875725,0.0024855012427506215,0.001864125932062966,0.16259320629660315,0.00020712510356255177,0.007042253521126761,0.006213753106876553,0.23591549295774647,0.18951946975973488,23.18,90,80,5.0,5,21,4,16.24,5.0
5115,10,0.02133388566694283,1,1,0,0,0.0014498757249378623,0.002899751449875725,0.0024855012427506215,0.001864125932062966,0.16259320629660315,0.00020712510356255177,0.007042253521126761,0.006213753106876553,0.23591549295774647,23.18,90,80,5.0,5,21,4,16.24,5.0
5116,9,0.002071251035625518,0,0,0,0,0.02485501242750621,0.01864125932062966,0.032932891466445735,0.0343827671913836,0.09237779618889809,0.07456503728251863,0.002899751449875725,0.0010356255178127587,0.021126760563380278,6.3,92,80,4.75,5,21,4,8.6,5.0
5116,10,0.07042253521126761,1,1,0,0,0.002071251035625518,0.02485501242750621,0.01864125932062966,0.032932891466445735,0.0343827671913836,0.09237779618889809,0.07456503728251863,0.002899751449875725,0.0010356255178127587,6.3,92,80,4.75,5,21,4,8.6,5.0
5117,9,0.002071251035625518,0,0,0,0,0.004971002485501243,0.004556752278376139,0.12137531068765534,0.5292046396023198,0.0012427506213753105,0.07912178956089477,0.002071251035625518,0.002071251035625518,0.5662800331400165,18.61,90,80,3.26,5,21,4,26.68,5.0
5117,10,0.5606876553438276,1,1,0,0,0.002071251035625518,0.004971002485501243,0.004556752278376139,0.12137531068765534,0.5292046396023198,0.0012427506213753105,0.07912178956089477,0.002071251035625518,0.002071251035625518,18.61,90,80,3.26,5,21,4,26.68,5.0
5118,9,0.03645401822700911,0,0,0,0,0.0024855012427506215,0.03231151615575808,0.00020712510356255177,0.002899751449875725,0.0012427506213753105,0.00020712510356255177,0.0010356255178127587,0.0008285004142502071,0.03811101905550953,12.51,92,80,4.5,5,21,4,12.21,4.0
5118,10,0.059237779618889805,1,1,0,0,0.03645401822700911,0.0024855012427506215,0.03231151615575808,0.00020712510356255177,0.002899751449875725,0.0012427506213753105,0.00020712510356255177,0.0010356255178127587,0.0008285004142502071,12.51,92,80,4.5,5,21,4,12.21,4.0
5119,9,0.005799502899751449,0,0,0,0,0.007249378624689312,0.10418392709196354,0.04701739850869925,0.03811101905550953,0.04059652029826015,0.0014498757249378623,0.0006213753106876553,0.06503728251864126,0.08471416735708368,16.66,92,80,4.59,5,21,4,15.26,5.0
5119,10,0.04908864954432477,1,1,0,0,0.005799502899751449,0.007249378624689312,0.10418392709196354,0.04701739850869925,0.03811101905550953,0.04059652029826015,0.0014498757249378623,0.0006213753106876553,0.06503728251864126,16.66,92,80,4.59,5,21,4,15.26,5.0
5120,9,0.03728251864125932,0,0,0,0,0.03500414250207125,0.032932891466445735,0.0014498757249378623,0.050331400165700084,0.08098591549295775,0.02713338856669428,0.0014498757249378623,0.06048053024026512,0.04411764705882353,14.56,92,80,4.8,5,21,4,12.1,5.0
5120,10,0.07394366197183098,1,1,0,0,0.03728251864125932,0.03500414250207125,0.032932891466445735,0.0014498757249378623,0.050331400165700084,0.08098591549295775,0.02713338856669428,0.0014498757249378623,0.06048053024026512,14.56,92,80,4.8,5,21,4,12.1,5.0
5121,9,0.008699254349627174,0,0,0,0,0.04929577464788732,0.014913007456503728,0.0006213753106876553,0.0008285004142502071,0.002071251035625518,0.014705882352941176,0.00020712510356255177,0.0343827671913836,0.010977630488815244,11.2,90,80,4.33,5,21,4,14.04,4.0
5121,10,0.0008285004142502071,1,1,0,0,0.008699254349627174,0.04929577464788732,0.014913007456503728,0.0006213753106876553,0.0008285004142502071,0.002071251035625518,0.014705882352941176,0.00020712510356255177,0.0343827671913836,11.2,90,80,4.33,5,21,4,14.04,4.0
5122,9,0.08989229494614746,0,0,0,0,0.07166528583264291,0.09051367025683513,0.11060480530240265,0.12427506213753106,0.11184755592377796,0.11060480530240265,0.0047638773819386904,0.2564208782104391,0.1396023198011599,2.99,92,80,4.36,5,21,4,9.04,5.0
5122,10,0.17854183927091963,1,1,0,0,0.08989229494614746,0.07166528583264291,0.09051367025683513,0.11060480530240265,0.12427506213753106,0.11184755592377796,0.11060480530240265,0.0047638773819386904,0.2564208782104391,2.99,92,80,4.36,5,21,4,9.04,5.0
5123,9,0.001864125932062966,0,0,0,0,0.06628003314001657,0.1319386909693455,0.0033140016570008283,0.004142502071251036,0.19200497100248548,0.14747307373653687,0.001864125932062966,0.09734879867439933,0.11495443247721623,13.4,90,80,5.0,5,21,4,13.42,5.0
5123,10,0.002692626346313173,1,1,0,0,0.001864125932062966,0.06628003314001657,0.1319386909693455,0.0033140016570008283,0.004142502071251036,0.19200497100248548,0.14747307373653687,0.001864125932062966,0.09734879867439933,13.4,90,80,5.0,5,21,4,13.42,5.0
5126,9,0.0004142502071251035,0,0,0,0,0.03500414250207125,0.0012427506213753105,0.0012427506213753105,0.09652029826014913,0.0033140016570008283,0.002071251035625518,0.0004142502071251035,0.0932062966031483,0.021748135874067934,16.26,90,80,4.83,5,21,4,15.43,4.0
5126,10,0.00020712510356255177,1,1,0,0,0.0004142502071251035,0.03500414250207125,0.0012427506213753105,0.0012427506213753105,0.09652029826014913,0.0033140016570008283,0.002071251035625518,0.0004142502071251035,0.0932062966031483,16.26,90,80,4.83,5,21,4,15.43,4.0
5127,9,0.004349627174813587,0,0,0,0,0.0008285004142502071,0.0014498757249378623,0.08429991714995858,0.0944490472245236,0.06420878210439106,0.0010356255178127587,0.00020712510356255177,0.07352941176470588,0.08616404308202154,29.61,92,80,4.72,5,21,4,15.7,4.0
5127,10,0.003935376967688484,1,1,0,0,0.004349627174813587,0.0008285004142502071,0.0014498757249378623,0.08429991714995858,0.0944490472245236,0.06420878210439106,0.0010356255178127587,0.00020712510356255177,0.07352941176470588,29.61,92,80,4.72,5,21,4,15.7,4.0
5128,9,0.0035211267605633804,0,0,0,0,0.1563794531897266,0.04660314830157415,0.007663628831814416,0.054059652029826016,0.14954432477216237,0.24710024855012427,0.0047638773819386904,0.13815244407622204,0.054473902236951116,18.59,92,80,4.86,5,21,4,13.3,5.0
5128,10,0.017812758906379452,1,1,0,0,0.0035211267605633804,0.1563794531897266,0.04660314830157415,0.007663628831814416,0.054059652029826016,0.14954432477216237,0.24710024855012427,0.0047638773819386904,0.13815244407622204,18.59,92,80,4.86,5,21,4,13.3,5.0
5129,9,0.0012427506213753105,0,0,0,0,0.0528169014084507,0.020712510356255175,0.009527754763877381,0.025683512841756417,0.0004142502071251035,0.02133388566694283,0.00020712510356255177,0.022990886495443244,0.08492129246064622,8.48,92,80,3.0,5,21,4,12.14,4.0
5129,10,0.0,1,1,0,0,0.0012427506213753105,0.0528169014084507,0.020712510356255175,0.009527754763877381,0.025683512841756417,0.0004142502071251035,0.02133388566694283,0.00020712510356255177,0.022990886495443244,8.48,92,80,3.0,5,21,4,12.14,4.0
5130,10,0.03893951946975974,1,1,0,0,0.002071251035625518,0.045774647887323945,0.12696768848384424,0.1168185584092792,0.1396023198011599,0.12365368682684341,0.17812758906379453,0.0016570008285004142,0.023198011599005797,30.96,92,80,4.71,5,21,4,17.76,5.0
5131,9,0.0008285004142502071,0,0,0,0,0.008906379453189726,0.02692626346313173,0.014705882352941176,0.0006213753106876553,0.002071251035625518,0.0012427506213753105,0.0010356255178127587,0.0014498757249378623,0.011391880695940347,21.68,92,80,4.6,5,21,4,14.3,4.0
5131,10,0.10791217895608947,1,1,0,0,0.0008285004142502071,0.008906379453189726,0.02692626346313173,0.014705882352941176,0.0006213753106876553,0.002071251035625518,0.0012427506213753105,0.0010356255178127587,0.0014498757249378623,21.68,92,80,4.6,5,21,4,14.3,4.0
5132,9,0.0014498757249378623,0,0,0,0,0.0820215410107705,0.03873239436619718,0.050745650372825184,0.013877381938690968,0.04722452361226181,0.14830157415078707,0.0008285004142502071,0.001864125932062966,0.08409279204639603,7.6,90,80,4.6,5,21,4,7.62,5.0
5132,10,0.019469759734879865,1,1,0,0,0.0014498757249378623,0.0820215410107705,0.03873239436619718,0.050745650372825184,0.013877381938690968,0.04722452361226181,0.14830157415078707,0.0008285004142502071,0.001864125932062966,7.6,90,80,4.6,5,21,4,7.62,5.0
5133,9,0.001864125932062966,0,0,0,0,0.0004142502071251035,0.059237779618889805,0.0008285004142502071,0.08512841756420877,0.09196354598177299,0.06855840927920463,0.00020712510356255177,0.03210439105219553,0.016984258492129242,36.89,92,80,5.0,5,21,4,17.37,4.0
5133,10,0.017812758906379452,1,1,0,0,0.001864125932062966,0.0004142502071251035,0.059237779618889805,0.0008285004142502071,0.08512841756420877,0.09196354598177299,0.06855840927920463,0.00020712510356255177,0.03210439105219553,36.89,92,80,5.0,5,21,4,17.37,4.0
5139,10,0.0004142502071251035,1,1,0,0,0.0006213753106876553,0.0031068765534382767,0.5354183927091963,0.0004142502071251035,0.0,0.0022783761391880694,0.07394366197183098,0.0,0.5223695111847555,4.53,90,80,4.11,5,21,4,17.38,4.0
5155,10,0.017812758906379452,1,1,0,0,0.005385252692626346,0.03686826843413422,0.0014498757249378623,0.02154101077050538,0.11205468102734051,0.18620546810273406,0.043496271748135876,0.0016570008285004142,0.11329743164871582,37.03,90,80,4.0,5,21,4,20.29,5.0
5412,9,0.0010356255178127587,0,0,0,0,0.033347141673570835,0.001864125932062966,0.16859983429991715,0.0004142502071251035,0.20401822700911348,0.0012427506213753105,0.17336371168185583,0.0006213753106876553,0.0,42.5,0,159,5.0,5,32,4,19.81,4.0
5412,10,0.009527754763877381,1,1,0,0,0.0010356255178127587,0.033347141673570835,0.001864125932062966,0.16859983429991715,0.0004142502071251035,0.20401822700911348,0.0012427506213753105,0.17336371168185583,0.0006213753106876553,42.5,0,159,5.0,5,32,4,19.81,4.0
6494,9,0.0012427506213753105,0,0,0,0,0.0008285004142502071,0.0008285004142502071,0.0008285004142502071,0.0022783761391880694,0.0016570008285004142,0.001864125932062966,0.09072079536039768,0.23943661971830985,0.0010356255178127587,11.73,93,137,4.67,7,23,6,19.92,4.0
6494,10,0.0016570008285004142,1,1,0,0,0.0012427506213753105,0.0008285004142502071,0.0008285004142502071,0.0008285004142502071,0.0022783761391880694,0.0016570008285004142,0.001864125932062966,0.09072079536039768,0.23943661971830985,11.73,93,137,4.67,7,23,6,19.92,4.0
6548,9,0.0014498757249378623,0,0,0,0,0.0006213753106876553,0.0004142502071251035,0.006420878210439105,0.018019884009942002,0.0012427506213753105,0.0037282518641259324,0.0004142502071251035,0.0008285004142502071,0.0006213753106876553,2.86,0,137,1.0,7,23,6,6.98,4.0
6548,10,0.0004142502071251035,1,1,0,0,0.0014498757249378623,0.0006213753106876553,0.0004142502071251035,0.006420878210439105,0.018019884009942002,0.0012427506213753105,0.0037282518641259324,0.0004142502071251035,0.0008285004142502071,2.86,0,137,1.0,7,23,6,6.98,4.0
6550,9,0.039560894780447386,0,0,0,0,0.0016570008285004142,0.0014498757249378623,0.002071251035625518,0.00020712510356255177,0.0004142502071251035,0.012013256006628004,0.0024855012427506215,0.001864125932062966,0.0014498757249378623,7.31,0,137,0.0,7,23,6,9.26,5.0
6550,10,0.0016570008285004142,1,1,0,0,0.039560894780447386,0.0016570008285004142,0.0014498757249378623,0.002071251035625518,0.00020712510356255177,0.0004142502071251035,0.012013256006628004,0.0024855012427506215,0.001864125932062966,7.31,0,137,0.0,7,23,6,9.26,5.0
6552,9,0.0004142502071251035,0,0,0,0,0.03624689312344656,0.0014498757249378623,0.0012427506213753105,0.002071251035625518,0.002899751449875725,0.019469759734879865,0.002071251035625518,0.0008285004142502071,0.0016570008285004142,24.95,0,137,4.0,7,23,6,13.95,5.0
6552,10,0.0008285004142502071,1,1,0,0,0.0004142502071251035,0.03624689312344656,0.0014498757249378623,0.0012427506213753105,0.002071251035625518,0.002899751449875725,0.019469759734879865,0.002071251035625518,0.0008285004142502071,24.95,0,137,4.0,7,23,6,13.95,5.0
6625,9,0.0037282518641259324,0,0,0,0,0.03811101905550953,0.0,0.0008285004142502071,0.0006213753106876553,0.0008285004142502071,0.0,0.0010356255178127587,0.0004142502071251035,0.0006213753106876553,8.33,0,45,0.0,7,24,6,7.04,4.0
6625,10,0.022162386081193038,1,1,0,0,0.0037282518641259324,0.03811101905550953,0.0,0.0008285004142502071,0.0006213753106876553,0.0008285004142502071,0.0,0.0010356255178127587,0.0004142502071251035,8.33,0,45,0.0,7,24,6,7.04,4.0
6629,9,0.12945318972659486,0,0,0,0,0.0008285004142502071,0.06296603148301574,0.0006213753106876553,0.00020712510356255177,0.0008285004142502071,0.0010356255178127587,0.0006213753106876553,0.0006213753106876553,0.021955260977630488,0.92,0,174,2.67,7,24,6,4.08,4.0
6717,9,0.01657000828500414,0,0,0,0,0.04950289975144988,0.0635874067937034,0.0004142502071251035,0.0,0.0004142502071251035,0.019676884838442415,0.0004142502071251035,0.0010356255178127587,0.0010356255178127587,3.28,0,174,1.0,7,24,6,3.82,4.0
6734,9,0.0,0,0,0,0,0.0008285004142502071,0.0,0.00020712510356255177,0.00020712510356255177,0.0004142502071251035,0.00020712510356255177,0.04515327257663629,0.00020712510356255177,0.0008285004142502071,16.89,2,3,5.0,7,24,6,20.3,4.0
6734,10,0.00020712510356255177,1,1,0,0,0.0,0.0008285004142502071,0.0,0.00020712510356255177,0.00020712510356255177,0.0004142502071251035,0.00020712510356255177,0.04515327257663629,0.00020712510356255177,16.89,2,3,5.0,7,24,6,20.3,4.0
6735,9,0.05302402651201325,0,0,0,0,0.04432477216238608,0.0004142502071251035,0.002071251035625518,0.0008285004142502071,0.11888980944490472,0.0022783761391880694,0.19821872410936203,0.0010356255178127587,0.0033140016570008283,53.67,2,3,5.0,3,34,6,23.52,4.0
6735,10,0.04204639602319801,1,1,0,0,0.05302402651201325,0.04432477216238608,0.0004142502071251035,0.002071251035625518,0.0008285004142502071,0.11888980944490472,0.0022783761391880694,0.19821872410936203,0.0010356255178127587,53.67,2,3,5.0,3,34,6,23.52,4.0
6845,9,0.00020712510356255177,0,0,0,0,0.0,0.00020712510356255177,0.0010356255178127587,0.0,0.0008285004142502071,0.00020712510356255177,0.0004142502071251035,0.0006213753106876553,0.010770505385252692,10.57,0,186,5.0,7,24,6,16.73,4.0
6845,10,0.0004142502071251035,1,1,0,0,0.00020712510356255177,0.0,0.00020712510356255177,0.0010356255178127587,0.0,0.0008285004142502071,0.00020712510356255177,0.0004142502071251035,0.0006213753106876553,10.57,0,186,5.0,7,24,6,16.73,4.0
6939,9,0.03624689312344656,0,0,0,0,0.00020712510356255177,0.0014498757249378623,0.020919635459817728,0.0635874067937034,0.0012427506213753105,0.07705053852526926,0.0008285004142502071,0.0006213753106876553,0.12261806130903065,38.59,0,137,5.0,7,23,6,21.3,5.0
6939,10,0.0,1,1,0,0,0.03624689312344656,0.00020712510356255177,0.0014498757249378623,0.020919635459817728,0.0635874067937034,0.0012427506213753105,0.07705053852526926,0.0008285004142502071,0.0006213753106876553,38.59,0,137,5.0,7,23,6,21.3,5.0
6940,9,0.05985915492957746,0,0,0,0,0.0006213753106876553,0.0004142502071251035,0.0024855012427506215,0.006420878210439105,0.001864125932062966,0.06938690969345485,0.0006213753106876553,0.00020712510356255177,0.09776304888152444,6.3,0,137,0.0,7,23,6,11.12,4.0
6940,10,0.0006213753106876553,1,1,0,0,0.05985915492957746,0.0006213753106876553,0.0004142502071251035,0.0024855012427506215,0.006420878210439105,0.001864125932062966,0.06938690969345485,0.0006213753106876553,0.00020712510356255177,6.3,0,137,0.0,7,23,6,11.12,4.0
6992,9,0.0,0,0,0,0,0.0012427506213753105,0.0014498757249378623,0.001864125932062966,0.0022783761391880694,0.0033140016570008283,0.0022783761391880694,0.09486329743164872,0.001864125932062966,0.08409279204639603,18.43,0,191,0.0,7,23,6,13.41,4.0
7761,9,0.003935376967688484,0,0,0,0,0.006628003314001657,0.14208782104391052,0.008906379453189726,0.27029826014913005,0.002692626346313173,0.0051781275890637945,0.146023198011599,0.013877381938690968,0.005592377796188898,2.48,112,128,4.58,4,40,7,9.15,5.0
7761,10,0.0008285004142502071,1,1,0,0,0.003935376967688484,0.006628003314001657,0.14208782104391052,0.008906379453189726,0.27029826014913005,0.002692626346313173,0.0051781275890637945,0.146023198011599,0.013877381938690968,2.48,112,128,4.58,4,40,7,9.15,5.0
7765,10,0.0012427506213753105,1,1,0,0,0.0008285004142502071,0.10770505385252692,0.04660314830157415,0.0024855012427506215,0.0010356255178127587,0.0022783761391880694,0.13028169014084506,0.0016570008285004142,0.03500414250207125,7.12,113,202,4.8,4,14,7,8.12,5.0
7766,10,0.0006213753106876553,1,1,0,0,0.0016570008285004142,0.0033140016570008283,0.07829328914664457,0.0006213753106876553,0.0010356255178127587,0.06172328086164043,0.0648301574150787,0.0014498757249378623,0.0022783761391880694,9.64,113,202,5.0,4,14,7,9.5,4.0
7781,10,0.0022783761391880694,1,1,0,0,0.0004142502071251035,0.0006213753106876553,0.001864125932062966,0.0006213753106876553,0.0016570008285004142,0.0006213753106876553,0.0037282518641259324,0.0006213753106876553,0.0008285004142502071,9.67,115,204,0.0,4,39,7,10.7,4.0
7789,9,0.5410107705053852,0,0,0,0,0.004142502071251036,0.213960231980116,0.16217895608947805,0.05509527754763877,0.014705882352941176,0.332228666114333,0.16570008285004142,0.012634631317315658,0.14623032311516154,12.14,0,186,4.68,4,39,7,14.7,5.0
7789,10,0.014705882352941176,1,1,0,0,0.5410107705053852,0.004142502071251036,0.213960231980116,0.16217895608947805,0.05509527754763877,0.014705882352941176,0.332228666114333,0.16570008285004142,0.012634631317315658,12.14,0,186,4.68,4,39,7,14.7,5.0
7792,9,0.22328086164043082,0,0,0,0,0.0047638773819386904,0.12903893951946976,0.15555095277547637,0.09838442419221209,0.058616404308202155,0.24772162386081192,0.03666114333057167,0.004971002485501243,0.012427506213753107,30.96,0,203,4.69,4,39,7,22.08,5.0
7792,10,0.0024855012427506215,1,1,0,0,0.22328086164043082,0.0047638773819386904,0.12903893951946976,0.15555095277547637,0.09838442419221209,0.058616404308202155,0.24772162386081192,0.03666114333057167,0.004971002485501243,30.96,0,203,4.69,4,39,7,22.08,5.0
7798,9,0.05550952775476388,0,0,0,0,0.07207953603976802,0.0584092792046396,0.07725766362883181,0.08305716652858326,0.06068765534382767,0.0627589063794532,0.09507042253521127,0.09465617232808617,0.07684341342170671,12.25,0,206,4.63,4,40,7,19.68,5.0
7798,10,0.04867439933719967,1,1,0,0,0.05550952775476388,0.07207953603976802,0.0584092792046396,0.07725766362883181,0.08305716652858326,0.06068765534382767,0.0627589063794532,0.09507042253521127,0.09465617232808617,12.25,0,206,4.63,4,40,7,19.68,5.0
7800,9,0.0006213753106876553,0,0,0,0,0.002899751449875725,0.0006213753106876553,0.0006213753106876553,0.0,0.0010356255178127587,0.0004142502071251035,0.00020712510356255177,0.10977630488815245,0.0004142502071251035,18.0,113,202,3.5,4,39,7,16.24,4.0
7800,10,0.00020712510356255177,1,1,0,0,0.0006213753106876553,0.002899751449875725,0.0006213753106876553,0.0006213753106876553,0.0,0.0010356255178127587,0.0004142502071251035,0.00020712510356255177,0.10977630488815245,18.0,113,202,3.5,4,39,7,16.24,4.0
7838,9,0.00020712510356255177,0,0,0,0,0.0008285004142502071,0.0012427506213753105,0.08885666942833471,0.0012427506213753105,0.0008285004142502071,0.0012427506213753105,0.004142502071251036,0.001864125932062966,0.0012427506213753105,10.33,120,210,4.4,4,41,7,11.44,4.0
7838,10,0.0022783761391880694,1,1,0,0,0.00020712510356255177,0.0008285004142502071,0.0012427506213753105,0.08885666942833471,0.0012427506213753105,0.0008285004142502071,0.0012427506213753105,0.004142502071251036,0.001864125932062966,10.33,120,210,4.4,4,41,7,11.44,4.0
7844,9,0.0004142502071251035,0,0,0,0,0.0,0.00020712510356255177,0.08782104391052195,0.00020712510356255177,0.0004142502071251035,0.0004142502071251035,0.04059652029826015,0.0,0.0004142502071251035,4.08,120,210,5.0,4,41,7,6.23,4.0
7844,10,0.007870753935376968,1,1,0,0,0.0004142502071251035,0.0,0.00020712510356255177,0.08782104391052195,0.00020712510356255177,0.0004142502071251035,0.0004142502071251035,0.04059652029826015,0.0,4.08,120,210,5.0,4,41,7,6.23,4.0
7845,9,0.0024855012427506215,0,0,0,0,0.001864125932062966,0.0016570008285004142,0.28396851698425846,0.0012427506213753105,0.0014498757249378623,0.0008285004142502071,0.10211267605633803,0.001864125932062966,0.0006213753106876553,8.0,120,210,3.67,4,41,7,8.3,5.0
7845,10,0.0016570008285004142,1,1,0,0,0.0024855012427506215,0.001864125932062966,0.0016570008285004142,0.28396851698425846,0.0012427506213753105,0.0014498757249378623,0.0008285004142502071,0.10211267605633803,0.001864125932062966,8.0,120,210,3.67,4,41,7,8.3,5.0
7847,10,0.0,1,1,0,0,0.0008285004142502071,0.0,0.0004142502071251035,0.002071251035625518,0.0006213753106876553,0.0008285004142502071,0.0012427506213753105,0.10687655343827672,0.0,8.39,120,210,0.0,4,41,7,8.06,4.0
7849,9,0.0051781275890637945,0,0,0,0,0.03500414250207125,0.011184755592377795,0.13773819386909694,0.0004142502071251035,0.0004142502071251035,0.0006213753106876553,0.03169014084507042,0.00020712510356255177,0.007663628831814416,14.12,121,153,4.33,4,42,7,11.88,4.0
7849,10,0.0006213753106876553,1,1,0,0,0.0051781275890637945,0.03500414250207125,0.011184755592377795,0.13773819386909694,0.0004142502071251035,0.0004142502071251035,0.0006213753106876553,0.03169014084507042,0.00020712510356255177,14.12,121,153,4.33,4,42,7,11.88,4.0
7850,10,0.0014498757249378623,1,1,0,0,0.002899751449875725,0.005592377796188898,0.19055509527754763,0.00020712510356255177,0.0,0.01408450704225352,0.08989229494614746,0.005385252692626346,0.10708367854183927,10.47,0,202,5.0,4,39,7,8.1,5.0
7852,9,0.28314001657000826,0,0,0,0,0.0012427506213753105,0.0035211267605633804,0.0016570008285004142,0.001864125932062966,0.002071251035625518,0.0033140016570008283,0.5273405136702568,0.0012427506213753105,0.0016570008285004142,4.85,0,211,5.0,4,42,7,10.73,5.0
7852,10,0.001864125932062966,1,1,0,0,0.28314001657000826,0.0012427506213753105,0.0035211267605633804,0.0016570008285004142,0.001864125932062966,0.002071251035625518,0.0033140016570008283,0.5273405136702568,0.0012427506213753105,4.85,0,211,5.0,4,42,7,10.73,5.0
7853,9,0.4345484672742336,0,0,0,0,0.0006213753106876553,0.0024855012427506215,0.0008285004142502071,0.0010356255178127587,0.004142502071251036,0.0051781275890637945,0.35045567522783755,0.0010356255178127587,0.0008285004142502071,17.5,0,211,5.0,4,42,7,13.93,5.0
7853,10,0.002071251035625518,1,1,0,0,0.4345484672742336,0.0006213753106876553,0.0024855012427506215,0.0008285004142502071,0.0010356255178127587,0.004142502071251036,0.0051781275890637945,0.35045567522783755,0.0010356255178127587,17.5,0,211,5.0,4,42,7,13.93,5.0
7857,9,0.23570836785418392,0,0,0,0,0.002071251035625518,0.0004142502071251035,0.0004142502071251035,0.0008285004142502071,0.002071251035625518,0.00020712510356255177,0.23819386909693455,0.0006213753106876553,0.0010356255178127587,2.14,0,211,0.0,4,42,7,7.74,4.0
7857,10,0.0008285004142502071,1,1,0,0,0.23570836785418392,0.002071251035625518,0.0004142502071251035,0.0004142502071251035,0.0008285004142502071,0.002071251035625518,0.00020712510356255177,0.23819386909693455,0.0006213753106876553,2.14,0,211,0.0,4,42,7,7.74,4.0
7861,9,0.1507870753935377,0,0,0,0,0.0004142502071251035,0.0010356255178127587,0.0,0.0,0.0012427506213753105,0.0008285004142502071,0.12924606462303231,0.00020712510356255177,0.0008285004142502071,9.1,0,211,0.0,4,42,7,15.04,4.0
7861,10,0.0010356255178127587,1,1,0,0,0.1507870753935377,0.0004142502071251035,0.0010356255178127587,0.0,0.0,0.0012427506213753105,0.0008285004142502071,0.12924606462303231,0.00020712510356255177,9.1,0,211,0.0,4,42,7,15.04,4.0
7865,9,0.0,0,0,0,0,0.0008285004142502071,0.0004142502071251035,0.0014498757249378623,0.0012427506213753105,0.3514913007456503,0.0,0.0,0.0,0.0010356255178127587,22.73,122,207,4.42,4,39,7,24.15,4.0
7869,9,0.030861640430820212,0,0,0,0,0.00020712510356255177,0.0024855012427506215,0.002071251035625518,0.004556752278376139,0.00807787903893952,0.00932062966031483,0.6333885666942833,0.0006213753106876553,0.005385252692626346,15.29,120,210,4.69,4,41,7,13.29,5.0
7869,10,0.0012427506213753105,1,1,0,0,0.030861640430820212,0.00020712510356255177,0.0024855012427506215,0.002071251035625518,0.004556752278376139,0.00807787903893952,0.00932062966031483,0.6333885666942833,0.0006213753106876553,15.29,120,210,4.69,4,41,7,13.29,5.0
7873,9,0.13608119304059652,0,0,0,0,0.0006213753106876553,0.04991714995857498,0.0006213753106876553,0.00020712510356255177,0.164043082021541,0.0004142502071251035,0.00020712510356255177,0.0010356255178127587,0.0010356255178127587,38.88,118,207,4.67,4,39,7,23.62,4.0
7873,10,0.0010356255178127587,1,1,0,0,0.13608119304059652,0.0006213753106876553,0.04991714995857498,0.0006213753106876553,0.00020712510356255177,0.164043082021541,0.0004142502071251035,0.00020712510356255177,0.0010356255178127587,38.88,118,207,4.67,4,39,7,23.62,4.0
7877,9,0.0012427506213753105,0,0,0,0,0.0022783761391880694,0.11246893123446561,0.0016570008285004142,0.0004142502071251035,0.0008285004142502071,0.056959403479701735,0.028583264291632143,0.12696768848384424,0.00020712510356255177,12.63,113,202,4.83,4,39,7,11.12,5.0
7877,10,0.0010356255178127587,1,1,0,0,0.0012427506213753105,0.0022783761391880694,0.11246893123446561,0.0016570008285004142,0.0004142502071251035,0.0008285004142502071,0.056959403479701735,0.028583264291632143,0.12696768848384424,12.63,113,202,4.83,4,39,7,11.12,5.0
7878,9,0.0010356255178127587,0,0,0,0,0.0012427506213753105,0.0006213753106876553,0.0006213753106876553,0.0006213753106876553,0.0008285004142502071,0.21230323115161556,0.0006213753106876553,0.0008285004142502071,0.0004142502071251035,31.27,113,202,0.0,4,39,7,15.04,4.0
7878,10,0.0,1,1,0,0,0.0010356255178127587,0.0012427506213753105,0.0006213753106876553,0.0006213753106876553,0.0006213753106876553,0.0008285004142502071,0.21230323115161556,0.0006213753106876553,0.0008285004142502071,31.27,113,202,0.0,4,39,7,15.04,4.0
7894,10,0.0008285004142502071,1,1,0,0,0.0004142502071251035,0.048467274233637114,0.00020712510356255177,0.0004142502071251035,0.08823529411764705,0.0006213753106876553,0.0,0.0,0.0,4.97,0,213,5.0,4,41,7,4.54,2.0
7898,9,0.0014498757249378623,0,0,0,0,0.037903893951946974,0.00020712510356255177,0.0,0.06420878210439106,0.0006213753106876553,0.0008285004142502071,0.00020712510356255177,0.019469759734879865,0.0006213753106876553,3.58,0,213,5.0,4,41,7,7.52,4.0
7898,10,0.001864125932062966,1,1,0,0,0.0014498757249378623,0.037903893951946974,0.00020712510356255177,0.0,0.06420878210439106,0.0006213753106876553,0.0008285004142502071,0.00020712510356255177,0.019469759734879865,3.58,0,213,5.0,4,41,7,7.52,4.0
7905,9,0.0012427506213753105,0,0,0,0,0.0,0.0016570008285004142,0.2108533554266777,0.0010356255178127587,0.0004142502071251035,0.0014498757249378623,0.14022369511184754,0.0004142502071251035,0.0006213753106876553,20.47,120,210,2.0,4,41,7,14.39,4.0
7905,10,0.0022783761391880694,1,1,0,0,0.0012427506213753105,0.0,0.0016570008285004142,0.2108533554266777,0.0010356255178127587,0.0004142502071251035,0.0014498757249378623,0.14022369511184754,0.0004142502071251035,20.47,120,210,2.0,4,41,7,14.39,4.0
7906,9,0.00020712510356255177,0,0,0,0,0.004349627174813587,0.0292046396023198,0.05012427506213753,0.016984258492129242,0.06068765534382767,0.0016570008285004142,0.10211267605633803,0.19573322286661143,0.07974316487158244,8.55,0,214,5.0,4,42,7,20.09,5.0
7906,10,0.0047638773819386904,1,1,0,0,0.00020712510356255177,0.004349627174813587,0.0292046396023198,0.05012427506213753,0.016984258492129242,0.06068765534382767,0.0016570008285004142,0.10211267605633803,0.19573322286661143,8.55,0,214,5.0,4,42,7,20.09,5.0
7917,9,0.00020712510356255177,0,0,0,0,0.0008285004142502071,0.12821043910521954,0.0,0.0004142502071251035,0.0,0.00020712510356255177,0.0,0.02257663628831814,0.00020712510356255177,23.7,118,207,5.0,4,40,7,21.09,4.0
7920,9,0.006006628003314002,0,0,0,0,0.09341342170671085,0.045774647887323945,0.17833471416735708,0.021126760563380278,0.001864125932062966,0.0016570008285004142,0.10169842584921292,0.012220381110190555,0.00932062966031483,4.62,0,214,3.75,4,14,7,8.45,5.0
7920,10,0.0008285004142502071,1,1,0,0,0.006006628003314002,0.09341342170671085,0.045774647887323945,0.17833471416735708,0.021126760563380278,0.001864125932062966,0.0016570008285004142,0.10169842584921292,0.012220381110190555,4.62,0,214,3.75,4,14,7,8.45,5.0
7924,9,0.0035211267605633804,0,0,0,0,0.0022783761391880694,0.0022783761391880694,0.1064623032311516,0.0010356255178127587,0.0024855012427506215,0.001864125932062966,0.10356255178127588,0.0010356255178127587,0.0014498757249378623,6.11,120,210,5.0,4,41,7,8.54,5.0
7924,10,0.0022783761391880694,1,1,0,0,0.0035211267605633804,0.0022783761391880694,0.0022783761391880694,0.1064623032311516,0.0010356255178127587,0.0024855012427506215,0.001864125932062966,0.10356255178127588,0.0010356255178127587,6.11,120,210,5.0,4,41,7,8.54,5.0
7925,9,0.00020712510356255177,0,0,0,0,0.0004142502071251035,0.0004142502071251035,0.1048053024026512,0.0,0.0004142502071251035,0.0006213753106876553,0.1648715824357912,0.00020712510356255177,0.00020712510356255177,1.11,120,210,3.17,4,41,7,4.63,4.0
7925,10,0.0022783761391880694,1,1,0,0,0.00020712510356255177,0.0004142502071251035,0.0004142502071251035,0.1048053024026512,0.0,0.0004142502071251035,0.0006213753106876553,0.1648715824357912,0.00020712510356255177,1.11,120,210,3.17,4,41,7,4.63,4.0
7938,9,0.0,0,0,0,0,0.09527754763877382,0.003935376967688484,0.002071251035625518,0.02589063794531897,0.14892294946147472,0.0047638773819386904,0.10811930405965203,0.12862468931234466,0.11951118475559237,2.85,0,186,4.3,4,39,7,6.34,5.0
7938,10,0.0022783761391880694,1,1,0,0,0.0,0.09527754763877382,0.003935376967688484,0.002071251035625518,0.02589063794531897,0.14892294946147472,0.0047638773819386904,0.10811930405965203,0.12862468931234466,2.85,0,186,4.3,4,39,7,6.34,5.0
7942,9,0.0033140016570008283,0,0,0,0,0.0014498757249378623,0.002692626346313173,0.003935376967688484,0.0033140016570008283,0.0016570008285004142,0.003935376967688484,0.15410107705053852,0.0004142502071251035,0.002071251035625518,65.58,112,128,4.95,4,39,7,36.78,5.0
7942,10,0.17212096106048053,1,1,0,0,0.0033140016570008283,0.0014498757249378623,0.002692626346313173,0.003935376967688484,0.0033140016570008283,0.0016570008285004142,0.003935376967688484,0.15410107705053852,0.0004142502071251035,65.58,112,128,4.95,4,39,7,36.78,5.0
7955,9,0.0016570008285004142,0,0,0,0,0.07808616404308202,0.1944904722452361,0.0010356255178127587,0.0016570008285004142,0.002692626346313173,0.48198011599005797,0.0006213753106876553,0.0010356255178127587,0.0024855012427506215,26.88,0,202,3.5,4,39,7,15.83,5.0
7955,10,0.0010356255178127587,1,1,0,0,0.0016570008285004142,0.07808616404308202,0.1944904722452361,0.0010356255178127587,0.0016570008285004142,0.002692626346313173,0.48198011599005797,0.0006213753106876553,0.0010356255178127587,26.88,0,202,3.5,4,39,7,15.83,5.0
7956,9,0.0008285004142502071,0,0,0,0,0.08554266777133389,0.18972659486329743,0.0008285004142502071,0.0014498757249378623,0.0010356255178127587,0.2605633802816901,0.0004142502071251035,0.0006213753106876553,0.0022783761391880694,4.36,0,202,3.27,4,39,7,8.93,5.0
7956,10,0.0004142502071251035,1,1,0,0,0.0008285004142502071,0.08554266777133389,0.18972659486329743,0.0008285004142502071,0.0014498757249378623,0.0010356255178127587,0.2605633802816901,0.0004142502071251035,0.0006213753106876553,4.36,0,202,3.27,4,39,7,8.93,5.0
7960,9,0.03666114333057167,0,0,0,0,0.05323115161557581,0.0022783761391880694,0.0035211267605633804,0.07187241093620547,0.18516984258492128,0.0008285004142502071,0.0006213753106876553,0.01180613090306545,0.0004142502071251035,14.45,0,121,4.8,4,38,7,18.71,5.0
7960,10,0.0016570008285004142,1,1,0,0,0.03666114333057167,0.05323115161557581,0.0022783761391880694,0.0035211267605633804,0.07187241093620547,0.18516984258492128,0.0008285004142502071,0.0006213753106876553,0.01180613090306545,14.45,0,121,4.8,4,38,7,18.71,5.0
7964,10,0.0006213753106876553,1,1,0,0,0.020919635459817728,0.05778790389395195,0.0006213753106876553,0.0,0.012220381110190555,0.00020712510356255177,0.0,0.0004142502071251035,0.0012427506213753105,10.22,0,121,0.0,4,38,7,11.88,4.0
7981,9,0.0006213753106876553,0,0,0,0,0.0,0.0008285004142502071,0.0,0.00020712510356255177,0.00020712510356255177,0.0010356255178127587,0.0004142502071251035,0.00020712510356255177,0.0006213753106876553,8.29,115,204,0.0,4,39,7,17.48,4.0
7981,10,0.0010356255178127587,1,1,0,0,0.0006213753106876553,0.0,0.0008285004142502071,0.0,0.00020712510356255177,0.00020712510356255177,0.0010356255178127587,0.0004142502071251035,0.00020712510356255177,8.29,115,204,0.0,4,39,7,17.48,4.0
7983,9,0.0006213753106876553,0,0,0,0,0.0,0.050745650372825184,0.0008285004142502071,0.0,0.016777133388566692,0.0014498757249378623,0.0012427506213753105,0.0004142502071251035,0.0008285004142502071,8.45,117,205,0.0,4,42,7,9.52,4.0
7985,9,0.0008285004142502071,0,0,0,0,0.0006213753106876553,0.0004142502071251035,0.0006213753106876553,0.00020712510356255177,0.0006213753106876553,0.001864125932062966,0.0004142502071251035,0.0014498757249378623,0.0010356255178127587,1.25,120,210,0.0,4,41,7,5.15,4.0
7985,10,0.03210439105219553,1,1,0,0,0.0008285004142502071,0.0006213753106876553,0.0004142502071251035,0.0006213753106876553,0.00020712510356255177,0.0006213753106876553,0.001864125932062966,0.0004142502071251035,0.0014498757249378623,1.25,120,210,0.0,4,41,7,5.15,4.0
7986,9,0.04411764705882353,0,0,0,0,0.0010356255178127587,0.0006213753106876553,0.38835956917978454,0.00020712510356255177,0.0004142502071251035,0.0,0.0004142502071251035,0.0004142502071251035,0.0006213753106876553,5.63,0,208,0.0,4,41,7,7.33,4.0
7986,10,0.0640016570008285,1,1,0,0,0.04411764705882353,0.0010356255178127587,0.0006213753106876553,0.38835956917978454,0.00020712510356255177,0.0004142502071251035,0.0,0.0004142502071251035,0.0004142502071251035,5.63,0,208,0.0,4,41,7,7.33,4.0
8006,9,0.0,0,0,0,0,0.0014498757249378623,0.0022783761391880694,0.10169842584921292,0.0008285004142502071,0.1932477216238608,0.19946147473073736,0.002692626346313173,0.24254349627174812,0.53003314001657,2.09,0,70,2.25,4,14,7,4.0,5.0
8006,10,0.14063794531897264,1,1,0,0,0.0,0.0014498757249378623,0.0022783761391880694,0.10169842584921292,0.0008285004142502071,0.1932477216238608,0.19946147473073736,0.002692626346313173,0.24254349627174812,2.09,0,70,2.25,4,14,7,4.0,5.0
8025,9,0.00020712510356255177,0,0,0,0,0.0012427506213753105,0.11495443247721623,0.0,0.0004142502071251035,0.0004142502071251035,0.0006213753106876553,0.00020712510356255177,0.05260977630488815,0.0008285004142502071,4.05,118,207,5.0,4,40,7,9.06,4.0
8025,10,0.0,1,1,0,0,0.00020712510356255177,0.0012427506213753105,0.11495443247721623,0.0,0.0004142502071251035,0.0004142502071251035,0.0006213753106876553,0.00020712510356255177,0.05260977630488815,4.05,118,207,5.0,4,40,7,9.06,4.0
8033,9,0.07311516155758077,0,0,0,0,0.03251864125932063,0.0012427506213753105,0.0004142502071251035,0.0008285004142502071,0.0343827671913836,0.0016570008285004142,0.09009942004971003,0.08367854183927091,0.13028169014084506,3.58,116,121,4.0,4,38,7,11.32,5.0
8033,10,0.0008285004142502071,1,1,0,0,0.07311516155758077,0.03251864125932063,0.0012427506213753105,0.0004142502071251035,0.0008285004142502071,0.0343827671913836,0.0016570008285004142,0.09009942004971003,0.08367854183927091,3.58,116,121,4.0,4,38,7,11.32,5.0
8035,10,0.0,1,1,0,0,0.00020712510356255177,0.0008285004142502071,0.003935376967688484,0.0010356255178127587,0.001864125932062966,0.0347970173985087,0.022783761391880694,0.0012427506213753105,0.14125932062966032,16.57,113,202,0.0,4,39,7,13.41,4.0
8036,9,0.0010356255178127587,0,0,0,0,0.03251864125932063,0.04204639602319801,0.0,0.0010356255178127587,0.013463131731565865,0.017191383595691796,0.021955260977630488,0.0996271748135874,0.0,7.96,113,202,5.0,4,39,7,10.57,4.0
8036,10,0.0,1,1,0,0,0.0010356255178127587,0.03251864125932063,0.04204639602319801,0.0,0.0010356255178127587,0.013463131731565865,0.017191383595691796,0.021955260977630488,0.0996271748135874,7.96,113,202,5.0,4,39,7,10.57,4.0
8040,9,0.0022783761391880694,0,0,0,0,0.007870753935376968,0.24999999999999997,0.0051781275890637945,0.00020712510356255177,0.0008285004142502071,0.022162386081193038,0.0037282518641259324,0.08492129246064622,0.0016570008285004142,21.87,0,202,5.0,4,39,7,10.4,5.0
8040,10,0.0035211267605633804,1,1,0,0,0.0022783761391880694,0.007870753935376968,0.24999999999999997,0.0051781275890637945,0.00020712510356255177,0.0008285004142502071,0.022162386081193038,0.0037282518641259324,0.08492129246064622,21.87,0,202,5.0,4,39,7,10.4,5.0
8051,9,0.0014498757249378623,0,0,0,0,0.0010356255178127587,0.05613090306545153,0.0016570008285004142,0.2520712510356255,0.10956917978458988,0.041632145816072906,0.0006213753106876553,0.0006213753106876553,0.14022369511184754,22.65,0,121,4.64,4,38,7,13.71,4.0
8051,10,0.004142502071251036,1,1,0,0,0.0014498757249378623,0.0010356255178127587,0.05613090306545153,0.0016570008285004142,0.2520712510356255,0.10956917978458988,0.041632145816072906,0.0006213753106876553,0.0006213753106876553,22.65,0,121,4.64,4,38,7,13.71,4.0
8053,9,0.0012427506213753105,0,0,0,0,0.03148301574150787,0.11329743164871582,0.0022783761391880694,0.08989229494614746,0.12551781275890636,0.0004142502071251035,0.00020712510356255177,0.0,0.014913007456503728,8.2,0,121,4.8,4,38,7,10.25,4.0
8053,10,0.00020712510356255177,1,1,0,0,0.0012427506213753105,0.03148301574150787,0.11329743164871582,0.0022783761391880694,0.08989229494614746,0.12551781275890636,0.0004142502071251035,0.00020712510356255177,0.0,8.2,0,121,4.8,4,38,7,10.25,4.0
8054,9,0.0008285004142502071,0,0,0,0,0.0006213753106876553,0.0035211267605633804,0.002071251035625518,0.31876553438276717,0.0033140016570008283,0.001864125932062966,0.0008285004142502071,0.007456503728251864,0.0012427506213753105,23.25,0,121,0.0,4,38,7,13.62,5.0
8054,10,0.0006213753106876553,1,1,0,0,0.0008285004142502071,0.0006213753106876553,0.0035211267605633804,0.002071251035625518,0.31876553438276717,0.0033140016570008283,0.001864125932062966,0.0008285004142502071,0.007456503728251864,23.25,0,121,0.0,4,38,7,13.62,5.0
8063,9,0.0016570008285004142,0,0,0,0,0.0004142502071251035,0.041632145816072906,0.0010356255178127587,0.0004142502071251035,0.0016570008285004142,0.0024855012427506215,0.03583264291632146,0.0016570008285004142,0.001864125932062966,2.76,112,128,5.0,4,39,7,9.63,5.0
8063,10,0.0014498757249378623,1,1,0,0,0.0016570008285004142,0.0004142502071251035,0.041632145816072906,0.0010356255178127587,0.0004142502071251035,0.0016570008285004142,0.0024855012427506215,0.03583264291632146,0.0016570008285004142,2.76,112,128,5.0,4,39,7,9.63,5.0
8064,10,0.0014498757249378623,1,1,0,0,0.005385252692626346,0.0024855012427506215,0.243993371996686,0.00020712510356255177,0.0,0.0008285004142502071,0.0004142502071251035,0.028583264291632143,0.0004142502071251035,2.1,112,128,5.0,4,39,7,10.35,4.0
8067,9,0.0010356255178127587,0,0,0,0,0.0031068765534382767,0.0033140016570008283,0.002071251035625518,0.16217895608947805,0.001864125932062966,0.002692626346313173,0.176056338028169,0.0,0.0016570008285004142,1.77,112,128,4.92,4,39,7,10.55,5.0
8067,10,0.17937033968516983,1,1,0,0,0.0010356255178127587,0.0031068765534382767,0.0033140016570008283,0.002071251035625518,0.16217895608947805,0.001864125932062966,0.002692626346313173,0.176056338028169,0.0,1.77,112,128,4.92,4,39,7,10.55,5.0
8068,9,0.004349627174813587,0,0,0,0,0.0022783761391880694,0.0024855012427506215,0.08678541839270919,0.0006213753106876553,0.0014498757249378623,0.0010356255178127587,0.10459817729908864,0.001864125932062966,0.001864125932062966,1.7,120,210,5.0,4,41,7,4.74,5.0
8068,10,0.0016570008285004142,1,1,0,0,0.004349627174813587,0.0022783761391880694,0.0024855012427506215,0.08678541839270919,0.0006213753106876553,0.0014498757249378623,0.0010356255178127587,0.10459817729908864,0.001864125932062966,1.7,120,210,5.0,4,41,7,4.74,5.0
8081,9,0.04204639602319801,0,0,0,0,0.0014498757249378623,0.0014498757249378623,0.0008285004142502071,0.0012427506213753105,0.0004142502071251035,0.0010356255178127587,0.0008285004142502071,0.0008285004142502071,0.00020712510356255177,3.26,117,205,0.0,4,42,7,7.61,4.0
8081,10,0.0004142502071251035,1,1,0,0,0.04204639602319801,0.0014498757249378623,0.0014498757249378623,0.0008285004142502071,0.0012427506213753105,0.0004142502071251035,0.0010356255178127587,0.0008285004142502071,0.0008285004142502071,3.26,117,205,0.0,4,42,7,7.61,4.0
8113,9,0.11661143330571665,0,0,0,0,0.0014498757249378623,0.07270091135045567,0.0004142502071251035,0.0012427506213753105,0.05323115161557581,0.0006213753106876553,0.001864125932062966,0.0010356255178127587,0.02257663628831814,2.26,117,205,5.0,4,42,7,6.1,5.0
8113,10,0.0012427506213753105,1,1,0,0,0.11661143330571665,0.0014498757249378623,0.07270091135045567,0.0004142502071251035,0.0012427506213753105,0.05323115161557581,0.0006213753106876553,0.001864125932062966,0.0010356255178127587,2.26,117,205,5.0,4,42,7,6.1,5.0
8118,9,0.014705882352941176,0,0,0,0,0.0,0.007870753935376968,0.058616404308202155,0.0016570008285004142,0.1619718309859155,0.0,0.00020712510356255177,0.0,0.0010356255178127587,9.09,0,70,3.67,4,14,7,12.24,4.0
8118,10,0.03728251864125932,1,1,0,0,0.014705882352941176,0.0,0.007870753935376968,0.058616404308202155,0.0016570008285004142,0.1619718309859155,0.0,0.00020712510356255177,0.0,9.09,0,70,3.67,4,14,7,12.24,4.0
8122,9,0.002071251035625518,0,0,0,0,0.14747307373653687,0.004349627174813587,0.00020712510356255177,0.0,0.00020712510356255177,0.0006213753106876553,0.00020712510356255177,0.13525269262634632,0.0010356255178127587,2.36,113,202,0.0,4,39,7,5.52,4.0
8122,10,0.00020712510356255177,1,1,0,0,0.002071251035625518,0.14747307373653687,0.004349627174813587,0.00020712510356255177,0.0,0.00020712510356255177,0.0006213753106876553,0.00020712510356255177,0.13525269262634632,2.36,113,202,0.0,4,39,7,5.52,4.0
8123,9,0.005385252692626346,0,0,0,0,0.0010356255178127587,0.08015741507870754,0.0006213753106876553,0.0012427506213753105,0.01657000828500414,0.0014498757249378623,0.013256006628003313,0.10770505385252692,0.0008285004142502071,6.76,113,202,3.5,4,39,7,8.46,4.0
8127,9,0.006835128417564208,0,0,0,0,0.0006213753106876553,0.00020712510356255177,0.0010356255178127587,0.0004142502071251035,0.0006213753106876553,0.0016570008285004142,0.00020712510356255177,0.0006213753106876553,0.0,10.72,118,207,5.0,4,40,7,14.95,4.0
8127,10,0.0004142502071251035,1,1,0,0,0.006835128417564208,0.0006213753106876553,0.00020712510356255177,0.0010356255178127587,0.0004142502071251035,0.0006213753106876553,0.0016570008285004142,0.00020712510356255177,0.0006213753106876553,10.72,118,207,5.0,4,40,7,14.95,4.0
8149,9,0.061101905550952774,0,0,0,0,0.005592377796188898,0.04287489643744822,0.024026512013256004,0.0022783761391880694,0.2798260149130074,0.0006213753106876553,0.0004142502071251035,0.04183927091963546,0.0006213753106876553,40.57,118,207,4.33,4,40,7,28.92,5.0
8149,10,0.0008285004142502071,1,1,0,0,0.061101905550952774,0.005592377796188898,0.04287489643744822,0.024026512013256004,0.0022783761391880694,0.2798260149130074,0.0006213753106876553,0.0004142502071251035,0.04183927091963546,40.57,118,207,4.33,4,40,7,28.92,5.0
8181,9,0.0016570008285004142,0,0,0,0,0.11060480530240265,0.0016570008285004142,0.0,0.0024855012427506215,0.06607290803645402,0.0008285004142502071,0.1464374482187241,0.0,0.0012427506213753105,24.02,129,80,4.0,4,42,7,47.92,5.0
8181,10,0.0016570008285004142,1,1,0,0,0.0016570008285004142,0.11060480530240265,0.0016570008285004142,0.0,0.0024855012427506215,0.06607290803645402,0.0008285004142502071,0.1464374482187241,0.0,24.02,129,80,4.0,4,42,7,47.92,5.0
8182,9,0.02236951118475559,0,0,0,0,0.04971002485501243,0.00020712510356255177,0.0010356255178127587,0.0012427506213753105,0.025062137531068764,0.0014498757249378623,0.08844241922120961,0.0014498757249378623,0.0004142502071251035,59.77,129,80,3.0,4,42,7,46.25,4.0
8182,10,0.04287489643744822,1,1,0,0,0.02236951118475559,0.04971002485501243,0.00020712510356255177,0.0010356255178127587,0.0012427506213753105,0.025062137531068764,0.0014498757249378623,0.08844241922120961,0.0014498757249378623,59.77,129,80,3.0,4,42,7,46.25,4.0
8199,9,0.0024855012427506215,0,0,0,0,0.12427506213753106,0.0004142502071251035,0.00020712510356255177,0.001864125932062966,0.0016570008285004142,0.0016570008285004142,0.002692626346313173,0.12468931234465616,0.001864125932062966,30.27,0,202,5.0,4,39,7,15.09,5.0
8199,10,0.002899751449875725,1,1,0,0,0.0024855012427506215,0.12427506213753106,0.0004142502071251035,0.00020712510356255177,0.001864125932062966,0.0016570008285004142,0.0016570008285004142,0.002692626346313173,0.12468931234465616,30.27,0,202,5.0,4,39,7,15.09,5.0
8201,9,0.0022783761391880694,0,0,0,0,0.12903893951946976,0.06731565865782933,0.00020712510356255177,0.00020712510356255177,0.03189726594863297,0.08554266777133389,0.0,0.0004142502071251035,0.00020712510356255177,3.85,113,202,5.0,4,39,7,6.5,4.0
8201,10,0.00020712510356255177,1,1,0,0,0.0022783761391880694,0.12903893951946976,0.06731565865782933,0.00020712510356255177,0.00020712510356255177,0.03189726594863297,0.08554266777133389,0.0,0.0004142502071251035,3.85,113,202,5.0,4,39,7,6.5,4.0
8214,9,0.0,0,0,0,0,0.00020712510356255177,0.0,0.0004142502071251035,0.0008285004142502071,0.0,0.0016570008285004142,0.06855840927920463,0.0008285004142502071,0.0010356255178127587,42.38,112,128,0.0,4,39,7,28.85,4.0
8214,10,0.10542667771333886,1,1,0,0,0.0,0.00020712510356255177,0.0,0.0004142502071251035,0.0008285004142502071,0.0,0.0016570008285004142,0.06855840927920463,0.0008285004142502071,42.38,112,128,0.0,4,39,7,28.85,4.0
8215,9,0.0006213753106876553,0,0,0,0,0.0,0.0,0.0004142502071251035,0.0006213753106876553,0.00020712510356255177,0.00020712510356255177,0.14705882352941177,0.00020712510356255177,0.00020712510356255177,2.35,112,128,3.2,4,39,7,10.75,4.0
8215,10,0.15140845070422534,1,1,0,0,0.0006213753106876553,0.0,0.0,0.0004142502071251035,0.0006213753106876553,0.00020712510356255177,0.00020712510356255177,0.14705882352941177,0.00020712510356255177,2.35,112,128,3.2,4,39,7,10.75,4.0
8219,9,0.001864125932062966,0,0,0,0,0.0035211267605633804,0.09859154929577464,0.1648715824357912,0.030033140016570006,0.05385252692626346,0.006006628003314002,0.03127589063794532,0.04328914664457332,0.0,2.78,0,186,5.0,4,39,7,7.3,5.0
8219,10,0.0004142502071251035,1,1,0,0,0.001864125932062966,0.0035211267605633804,0.09859154929577464,0.1648715824357912,0.030033140016570006,0.05385252692626346,0.006006628003314002,0.03127589063794532,0.04328914664457332,2.78,0,186,5.0,4,39,7,7.3,5.0
8246,9,0.0014498757249378623,0,0,0,0,0.0012427506213753105,0.07290803645401822,0.0008285004142502071,0.022162386081193038,0.06855840927920463,0.05364540182270091,0.0006213753106876553,0.002692626346313173,0.14498757249378624,2.97,117,208,0.0,4,42,7,7.3,4.0
8246,10,0.00020712510356255177,1,1,0,0,0.0014498757249378623,0.0012427506213753105,0.07290803645401822,0.0008285004142502071,0.022162386081193038,0.06855840927920463,0.05364540182270091,0.0006213753106876553,0.002692626346313173,2.97,117,208,0.0,4,42,7,7.3,4.0
8271,9,0.0014498757249378623,0,0,0,0,0.002071251035625518,0.0014498757249378623,0.0016570008285004142,0.11992543496271747,0.0014498757249378623,0.0016570008285004142,0.0004142502071251035,0.0004142502071251035,0.0012427506213753105,7.21,0,121,0.0,4,38,7,8.63,4.0
8272,10,0.0006213753106876553,1,1,0,0,0.002899751449875725,0.0024855012427506215,0.09196354598177299,0.0024855012427506215,0.08388566694283348,0.13773819386909694,0.0006213753106876553,0.0006213753106876553,0.0022783761391880694,14.99,0,121,4.33,4,38,7,10.59,5.0
8276,9,0.0016570008285004142,0,0,0,0,0.0012427506213753105,0.0010356255178127587,0.00020712510356255177,0.03811101905550953,0.0006213753106876553,0.0004142502071251035,0.0,0.012220381110190555,0.0010356255178127587,20.76,116,121,2.33,4,38,7,16.51,4.0
8276,10,0.11806130903065451,1,1,0,0,0.0016570008285004142,0.0012427506213753105,0.0010356255178127587,0.00020712510356255177,0.03811101905550953,0.0006213753106876553,0.0004142502071251035,0.0,0.012220381110190555,20.76,116,121,2.33,4,38,7,16.51,4.0
8277,9,0.0004142502071251035,0,0,0,0,0.06545153272576636,0.00020712510356255177,0.00020712510356255177,0.0468102734051367,0.00020712510356255177,0.0008285004142502071,0.0006213753106876553,0.0,0.00020712510356255177,3.39,0,213,5.0,4,39,7,8.9,4.0
8277,10,0.00020712510356255177,1,1,0,0,0.0004142502071251035,0.06545153272576636,0.00020712510356255177,0.00020712510356255177,0.0468102734051367,0.00020712510356255177,0.0008285004142502071,0.0006213753106876553,0.0,3.39,0,213,5.0,4,39,7,8.9,4.0
8278,10,0.0008285004142502071,1,1,0,0,0.0010356255178127587,0.0010356255178127587,0.0008285004142502071,0.0008285004142502071,0.06710853355426677,0.0008285004142502071,0.0006213753106876553,0.0014498757249378623,0.08450704225352113,3.28,0,213,5.0,4,39,7,5.38,4.0
8292,9,0.1224109362054681,0,0,0,0,0.24171499585749792,0.004349627174813587,0.0022783761391880694,0.005385252692626346,0.1391880695940348,0.002899751449875725,0.2814830157415078,0.001864125932062966,0.0031068765534382767,39.29,129,80,2.5,4,42,7,53.31,5.0
8292,10,0.003935376967688484,1,1,0,0,0.1224109362054681,0.24171499585749792,0.004349627174813587,0.0022783761391880694,0.005385252692626346,0.1391880695940348,0.002899751449875725,0.2814830157415078,0.001864125932062966,39.29,129,80,2.5,4,42,7,53.31,5.0
8293,9,0.0004142502071251035,0,0,0,0,0.06379453189726594,0.002071251035625518,0.0010356255178127587,0.0037282518641259324,0.1284175642087821,0.0012427506213753105,0.12054681027340514,0.0006213753106876553,0.0004142502071251035,93.68,129,80,2.0,4,42,7,32.56,4.0
8322,10,0.00020712510356255177,1,1,0,0,0.0,0.032932891466445735,0.0004142502071251035,0.0006213753106876553,0.0,0.0,0.007663628831814416,0.0004142502071251035,0.07104391052195526,25.54,132,202,0.0,4,39,7,15.35,4.0
8323,10,0.00020712510356255177,1,1,0,0,0.00020712510356255177,0.026719138359569176,0.0,0.0,0.0,0.0,0.014498757249378625,0.0010356255178127587,0.06648715824357912,8.97,132,202,0.0,4,39,7,10.83,2.0
8717,10,0.0,1,1,0,0,0.002071251035625518,0.0004142502071251035,0.0008285004142502071,0.0012427506213753105,0.002692626346313173,0.00020712510356255177,0.0010356255178127587,0.0,0.0014498757249378623,5.69,180,128,5.0,8,45,8,11.29,2.0
8732,9,0.009527754763877381,0,0,0,0,0.0010356255178127587,0.00020712510356255177,0.0031068765534382767,0.0,0.0004142502071251035,0.004556752278376139,0.002692626346313173,0.001864125932062966,0.0010356255178127587,3.14,0,229,3.5,8,45,8,10.75,4.0
8732,10,0.0004142502071251035,1,1,0,0,0.009527754763877381,0.0010356255178127587,0.00020712510356255177,0.0031068765534382767,0.0,0.0004142502071251035,0.004556752278376139,0.002692626346313173,0.001864125932062966,3.14,0,229,3.5,8,45,8,10.75,4.0
8867,9,0.0016570008285004142,0,0,0,0,0.0,0.0006213753106876553,0.0,0.00020712510356255177,0.0004142502071251035,0.0010356255178127587,0.0006213753106876553,0.0010356255178127587,0.0,2.6,0,23,0.0,8,51,8,6.4,4.0
8867,10,0.0010356255178127587,1,1,0,0,0.0016570008285004142,0.0,0.0006213753106876553,0.0,0.00020712510356255177,0.0004142502071251035,0.0010356255178127587,0.0006213753106876553,0.0010356255178127587,2.6,0,23,0.0,8,51,8,6.4,4.0
9109,9,0.0,0,0,0,0,0.0012427506213753105,0.00020712510356255177,0.021955260977630488,0.00020712510356255177,0.0004142502071251035,0.00020712510356255177,0.0,0.0006213753106876553,0.0,15.26,21,23,0.0,8,43,8,21.34,4.0
9196,9,0.00020712510356255177,0,0,0,0,0.0004142502071251035,0.04660314830157415,0.0004142502071251035,0.00020712510356255177,0.0,0.0004142502071251035,0.00020712510356255177,0.00020712510356255177,0.0,11.82,182,227,4.0,8,44,8,19.94,4.0
9219,9,0.0,0,0,0,0,0.0006213753106876553,0.00020712510356255177,0.00020712510356255177,0.0,0.00020712510356255177,0.00020712510356255177,0.00020712510356255177,0.00020712510356255177,0.00020712510356255177,70.7,222,242,0.0,8,43,8,82.73,4.0
9219,10,0.0,1,1,0,0,0.0,0.0006213753106876553,0.00020712510356255177,0.00020712510356255177,0.0,0.00020712510356255177,0.00020712510356255177,0.00020712510356255177,0.00020712510356255177,70.7,222,242,0.0,8,43,8,82.73,4.0
9232,9,0.010149130074565037,0,0,0,0,0.00020712510356255177,0.0,0.00020712510356255177,0.0,0.00020712510356255177,0.00020712510356255177,0.0,0.0022783761391880694,0.0024855012427506215,19.67,21,23,5.0,8,43,8,24.4,4.0
9232,10,0.03065451532725766,1,1,0,0,0.010149130074565037,0.00020712510356255177,0.0,0.00020712510356255177,0.0,0.00020712510356255177,0.00020712510356255177,0.0,0.0022783761391880694,19.67,21,23,5.0,8,43,8,24.4,4.0
