itemID|demandPrediction
1|1
2|0
3|1
4|0
5|0
6|18
8|1
10|0
11|0
12|1
15|0
17|0
18|1
19|0
21|0
25|0
26|0
28|0
29|0
30|0
31|1
35|1
36|0
37|1
38|0
39|0
40|0
41|0
44|0
47|0
49|0
50|0
52|1
54|0
60|0
61|0
62|0
64|0
65|0
67|0
68|0
71|0
72|0
73|1
74|1
75|0
77|0
81|0
84|0
85|0
86|1
87|3
88|0
91|0
92|0
94|0
96|0
98|0
99|0
101|1
102|1
103|0
104|1
106|0
109|1
112|1
113|1
114|0
117|0
118|1
120|0
123|0
128|0
129|0
130|0
131|0
134|0
137|0
138|0
139|0
141|0
142|1
143|0
146|0
148|0
149|0
150|0
152|0
153|0
157|0
158|0
159|0
161|0
163|0
165|0
167|0
169|1
170|0
171|1
172|0
173|0
174|0
175|0
177|0
178|0
179|0
180|1
181|0
182|1
183|0
185|0
186|0
187|1
188|0
189|1
190|0
191|1
192|1
193|1
194|0
195|0
196|0
197|0
198|0
199|0
201|0
202|1
203|0
205|0
206|0
208|0
209|1
210|0
211|0
212|0
213|0
215|0
216|0
218|1
219|1
220|1
221|1
223|0
225|0
228|1
229|0
231|0
233|1
234|0
235|1
237|0
240|0
241|1
243|0
247|0
248|0
249|0
250|0
251|1
252|1
253|0
254|0
259|1
260|1
262|0
263|1
264|1
265|1
266|0
267|0
269|0
271|0
273|0
274|0
275|0
277|0
280|0
281|0
284|0
286|0
287|0
288|0
289|0
291|0
292|0
293|0
294|0
295|1
296|0
297|0
298|0
299|0
302|0
309|0
310|9
311|0
312|0
313|0
314|0
316|0
317|0
318|1
319|0
320|1
323|0
324|0
325|0
328|0
329|0
332|0
336|0
338|0
339|0
340|0
341|0
342|1
343|0
344|0
346|0
348|0
349|0
350|1
353|0
354|1
355|1
356|0
358|0
360|1
361|0
362|1
363|1
366|0
367|1
368|0
369|0
371|1
372|0
373|0
374|0
377|1
379|0
380|0
381|2
383|0
384|0
386|0
387|0
388|1
389|1
390|0
391|0
392|0
393|0
394|0
396|0
398|0
400|0
401|0
402|0
403|0
404|0
405|0
406|0
412|0
413|0
414|0
416|0
417|1
418|0
419|0
423|0
425|0
427|0
429|1
431|0
432|0
433|0
434|1
436|0
437|0
439|0
440|1
441|1
442|0
443|0
444|0
445|0
446|0
447|0
448|0
449|0
450|1
451|0
452|0
454|0
455|1
456|1
457|1
458|1
459|1
460|1
461|0
462|0
463|0
464|2
465|0
466|0
467|0
468|0
469|1
470|0
472|0
473|0
475|0
478|2
479|0
481|0
482|0
484|0
485|0
486|0
487|1
488|0
489|0
490|0
491|0
492|0
493|0
494|0
495|0
497|0
498|0
500|0
501|1
502|1
503|0
504|0
505|0
506|0
507|0
508|0
510|0
511|2
512|2
513|1
514|1
516|0
517|1
518|1
519|1
520|0
521|1
522|1
523|2
524|0
525|1
526|0
527|0
530|1
531|0
532|0
533|0
534|0
535|0
536|0
537|0
540|0
542|1
543|1
544|0
546|0
551|0
552|0
553|0
554|1
556|1
560|2
561|0
563|0
564|0
565|0
567|1
568|1
569|1
570|0
572|1
573|0
574|0
576|0
577|1
578|0
580|0
581|0
582|0
583|0
584|0
585|0
586|0
587|0
588|0
589|0
590|1
591|1
593|0
596|1
597|0
598|0
599|1
601|0
602|1
604|0
606|0
608|0
609|0
610|0
611|0
612|0
613|1
614|0
615|1
619|0
621|1
624|0
625|0
626|0
628|0
629|0
630|0
631|0
632|0
634|0
635|0
639|1
641|1
642|0
643|0
644|0
646|0
648|0
649|1
650|1
651|0
652|0
653|0
654|0
655|0
657|0
658|0
659|1
660|0
661|1
664|0
665|0
667|0
670|0
671|0
672|1
673|0
674|0
675|0
676|1
677|1
678|0
682|0
683|0
685|0
686|0
687|0
688|0
692|0
693|0
694|1
696|0
698|1
701|0
702|0
704|1
705|0
706|0
709|0
711|0
712|0
713|0
715|1
716|0
717|0
719|0
720|0
721|0
722|1
724|0
726|0
727|0
728|0
732|0
752|0
759|1
760|0
761|1
762|1
764|0
765|0
766|0
767|0
769|0
770|0
772|0
773|0
774|0
775|0
776|0
777|0
778|0
779|0
781|0
783|0
784|0
785|0
786|0
787|0
789|0
790|0
791|0
793|0
794|0
795|0
801|1
804|1
805|0
806|0
807|0
808|0
809|0
811|1
813|1
815|1
817|1
818|0
820|0
821|0
823|0
825|0
826|0
827|0
828|0
829|0
833|0
834|1
835|0
836|0
837|0
838|0
840|0
841|0
842|1
844|0
845|0
846|0
847|0
848|0
849|0
850|1
851|0
852|0
853|0
854|0
855|0
856|0
857|0
859|0
860|1
862|0
864|0
865|0
868|0
869|0
871|0
872|0
874|0
876|0
878|1
884|0
885|0
886|0
887|0
889|0
890|0
891|0
892|0
893|0
894|0
895|0
896|0
898|0
900|1
901|0
903|0
909|0
911|0
913|0
914|0
915|0
917|0
918|0
919|0
920|0
922|0
923|1
924|0
925|0
926|1
927|0
928|0
929|0
930|0
931|0
932|0
933|0
935|0
936|0
937|0
939|0
943|0
944|0
945|0
946|0
952|0
955|0
956|0
957|0
958|0
959|0
960|0
961|0
962|0
963|0
964|1
965|0
966|0
967|0
969|0
970|0
971|0
972|0
973|0
974|0
981|0
983|0
985|2
986|0
988|0
990|0
991|0
992|0
993|0
994|0
996|1
997|0
998|0
1001|0
1002|0
1004|0
1005|0
1009|0
1010|0
1011|0
1012|0
1013|0
1014|0
1015|0
1018|0
1019|0
1021|1
1022|0
1024|1
1025|0
1027|0
1029|2
1030|0
1031|0
1032|0
1033|0
1036|0
1037|1
1039|0
1050|0
1051|0
1054|0
1055|0
1057|0
1058|0
1060|0
1061|0
1062|1
1064|1
1065|1
1066|0
1067|0
1068|0
1069|0
1070|0
1071|1
1072|0
1073|1
1074|1
1077|0
1079|0
1080|1
1081|0
1082|0
1083|1
1084|0
1086|0
1087|1
1088|0
1089|1
1090|1
1091|0
1092|0
1094|0
1095|1
1096|0
1099|1
1100|0
1101|0
1102|0
1103|1
1105|0
1106|1
1109|2
1111|0
1113|0
1114|0
1115|0
1116|0
1117|1
1118|1
1119|0
1121|0
1122|0
1125|0
1129|0
1136|0
1137|1
1138|0
1140|0
1141|0
1143|0
1144|1
1145|0
1147|0
1150|1
1151|2
1152|0
1153|2
1154|0
1157|0
1158|0
1159|0
1160|0
1162|0
1163|0
1164|0
1166|0
1167|0
1169|0
1170|1
1171|0
1173|0
1174|0
1175|0
1176|0
1177|0
1178|0
1179|3
1180|12
1181|2
1182|0
1183|0
1186|0
1187|0
1189|1
1190|2
1191|1
1192|1
1193|0
1194|0
1196|0
1197|0
1200|0
1201|0
1203|0
1204|0
1207|0
1208|0
1209|0
1210|0
1211|1
1212|1
1214|0
1216|0
1217|0
1220|1
1221|0
1223|0
1224|0
1225|0
1226|1
1227|1
1228|1
1229|0
1230|1
1231|0
1232|0
1233|0
1234|0
1235|0
1236|0
1237|0
1238|1
1239|0
1240|1
1241|1
1242|0
1243|1
1244|0
1245|0
1246|0
1247|0
1248|1
1249|0
1250|1
1251|2
1252|1
1253|1
1254|2
1255|2
1256|1
1257|2
1258|1
1259|1
1260|1
1262|0
1263|0
1264|0
1265|0
1266|3
1268|0
1269|0
1271|0
1272|0
1273|0
1274|0
1275|0
1277|0
1278|0
1279|0
1280|0
1281|0
1283|0
1284|0
1285|0
1287|0
1288|1
1289|0
1290|1
1291|1
1292|1
1293|2
1294|2
1295|2
1296|2
1297|0
1298|1
1299|0
1300|1
1301|0
1302|0
1304|0
1305|0
1306|0
1310|2
1311|0
1312|0
1315|0
1317|0
1318|0
1320|0
1321|0
1322|0
1323|1
1324|1
1325|3
1326|2
1327|1
1328|1
1329|1
1330|0
1331|0
1332|3
1333|17
1334|4
1335|1
1336|1
1337|3
1338|1
1339|3
1340|1
1341|1
1342|19
1345|3
1346|3
1348|0
1349|1
1350|0
1351|0
1354|1
1355|1
1356|0
1357|1
1358|0
1360|1
1361|1
1362|0
1363|1
1364|1
1366|1
1367|1
1369|0
1381|1
1382|1
1383|0
1384|1
1385|0
1388|0
1390|0
1391|0
1392|0
1394|0
1395|0
1396|1
1397|0
1398|0
1399|0
1400|0
1402|3
1403|0
1404|1
1405|0
1406|0
1407|0
1408|0
1409|0
1410|0
1411|0
1419|0
1420|0
1421|0
1422|0
1423|0
1424|0
1425|0
1431|0
1433|0
1434|0
1435|0
1436|0
1437|0
1438|0
1439|0
1440|0
1441|0
1442|0
1451|1
1452|0
1453|0
1454|2
1455|1
1458|0
1459|0
1460|1
1461|0
1462|1
1463|0
1464|0
1465|0
1466|0
1467|0
1468|0
1469|0
1470|0
1471|0
1472|0
1473|0
1474|0
1475|1
1476|1
1477|1
1478|0
1479|0
1480|1
1481|0
1482|0
1483|0
1484|1
1485|1
1486|0
1487|0
1488|0
1489|0
1490|7
1491|0
1492|1
1493|0
1494|0
1495|0
1497|0
1499|1
1500|0
1502|1
1507|1
1508|1
1509|1
1510|1
1511|1
1512|1
1515|0
1518|0
1519|0
1520|0
1521|0
1522|0
1523|0
1524|0
1525|0
1526|1
1528|0
1529|0
1530|0
1531|0
1533|0
1535|2
1536|0
1538|0
1539|0
1540|0
1546|1
1547|1
1548|1
1806|1
1807|1
1808|1
1814|1
1815|1
1816|1
1817|1
1818|1
1819|1
1820|2
1821|1
1822|1
1823|1
1824|1
1825|1
1826|1
1827|1
1828|1
1829|1
1830|1
1831|0
1832|1
1833|1
1834|2
1835|1
1836|1
1837|1
1838|1
1839|1
1840|1
1841|1
1842|1
1843|1
1844|1
1845|1
1846|1
1847|1
1848|1
1849|1
1851|1
1852|5
1853|0
1855|1
1857|1
1858|0
1859|1
1864|0
1865|0
1866|1
1867|1
1868|1
1869|1
1870|1
1871|1
1874|1
1875|1
1876|1
1877|0
1878|1
1879|1
1880|1
1883|0
1885|2
1886|1
1887|2
1889|1
1892|1
1894|1
1895|1
1896|1
1899|1
1901|1
1902|1
1905|1
1906|1
1907|1
1908|1
1909|1
1911|1
1912|1
1913|1
1914|2
1916|1
1917|0
1918|1
1921|1
1922|0
1923|1
1925|2
1927|2
1928|1
1929|1
1930|1
1931|1
1932|0
1933|2
1934|1
1935|1
1936|1
1937|1
1938|0
1939|1
1940|1
1943|0
1944|0
1945|0
1948|0
1951|1
1952|0
1953|1
1957|2
1958|1
1960|2
1961|1
1962|0
1963|0
1964|1
1965|0
1971|0
1972|0
1973|0
1981|0
1982|1
1984|0
1985|0
1986|2
1987|0
1990|1
1991|1
1992|1
1995|0
1996|1
1997|1
1998|0
2003|0
2004|0
2006|0
2008|0
2009|0
2010|0
2016|1
2017|1
2018|1
2019|1
2020|1
2021|0
2022|1
2023|2
2024|1
2025|1
2026|1
2027|1
2028|1
2029|1
2031|1
2032|1
2033|2
2034|1
2035|1
2036|2
2037|1
2038|1
2039|1
2040|1
2041|1
2042|2
2043|1
2044|1
2045|2
2046|3
2054|0
2055|0
2057|1
2058|1
2060|1
2061|1
2062|1
2064|1
2066|1
2069|1
2072|1
2073|0
2074|1
2075|1
2076|0
2078|0
2080|1
2082|1
2084|1
2085|1
2086|1
2087|0
2088|0
2091|0
2092|1
2093|1
2095|1
2104|1
2105|1
2106|1
2107|0
2108|1
2109|1
2110|1
2111|1
2122|1
2125|1
2126|1
2129|1
2132|2
2134|1
2135|1
2136|1
2137|1
2138|1
2139|1
2140|1
2141|1
2142|1
2143|1
2144|1
2145|1
2146|1
2147|0
2148|1
2149|0
2150|1
2151|1
2152|0
2153|1
2154|1
2155|1
2156|1
2157|1
2158|0
2159|0
2161|1
2162|0
2163|0
2167|1
2171|1
2174|2
2176|1
2177|1
2183|1
2185|0
2187|0
2189|0
2190|0
2191|0
2192|1
2194|1
2195|0
2196|0
2197|1
2198|2
2199|1
2201|1
2202|2
2204|1
2205|0
2207|0
2208|2
2209|4
2210|1
2211|2
2212|1
2213|0
2214|1
2215|0
2216|2
2217|0
2224|1
2231|0
2234|1
2236|2
2237|1
2238|1
2239|0
2241|1
2242|1
2243|0
2244|0
2245|1
2246|0
2247|1
2248|1
2251|1
2255|1
2258|1
2259|1
2260|0
2264|0
2265|0
2266|0
2268|2
2269|2
2270|1
2278|1
2285|0
2287|1
2288|1
2289|1
2290|0
2291|1
2292|0
2293|1
2298|1
2299|0
2300|0
2301|0
2302|0
2303|0
2304|0
2305|0
2306|0
2309|0
2310|0
2311|0
2312|0
2313|0
2314|0
2315|1
2316|0
2318|0
2319|0
2320|1
2321|0
2323|0
2325|0
2327|0
2330|0
2331|1
2332|0
2334|0
2336|0
2337|0
2338|0
2342|0
2343|0
2344|1
2345|1
2346|1
2347|1
2348|1
2349|0
2350|2
2351|1
2352|1
2353|1
2354|1
2355|1
2359|1
2360|1
2361|3
2362|1
2363|1
2365|1
2366|0
2367|2
2368|1
2370|1
2371|0
2372|2
2373|1
2377|0
2378|1
2379|2
2380|2
2381|2
2382|1
2383|1
2384|2
2385|1
2386|1
2387|0
2391|0
2393|0
2394|1
2395|0
2400|1
2406|1
2408|0
2411|0
2412|2
2413|0
2414|0
2415|0
2416|1
2417|1
2418|0
2421|0
2422|0
2423|0
2424|0
2425|0
2427|3
2428|0
2429|0
2430|0
2431|0
2432|0
2433|1
2437|1
2438|1
2439|1
2440|1
2441|1
2442|1
2443|1
2444|1
2445|3
2446|1
2447|1
2448|2
2453|0
2455|0
2458|0
2460|1
2462|0
2463|0
2467|0
2469|0
2471|0
2475|0
2476|1
2477|0
2478|1
2479|1
2481|1
2482|1
2484|0
2485|0
2486|0
2488|0
2489|0
2490|0
2491|0
2492|0
2493|0
2494|0
2503|0
2504|0
2505|0
2506|0
2508|0
2510|0
2515|1
2516|0
2518|0
2519|1
2520|0
2521|1
2524|0
2529|0
2531|2
2532|0
2533|0
2538|1
2540|0
2543|1
2544|0
2545|0
2546|0
2548|1
2549|0
2552|0
2562|0
2566|0
2567|0
2570|2
2571|1
2572|0
2573|0
2574|1
2577|1
2582|2
2585|0
2586|1
2587|0
2591|1
2598|0
2599|0
2603|0
2605|2
2607|1
2608|0
2609|1
2611|0
2612|0
2614|2
2615|0
2617|1
2618|0
2619|1
2620|1
2621|1
2622|1
2623|1
2624|1
2625|1
2626|1
2627|2
2628|1
2629|1
2630|1
2631|1
2633|0
2634|1
2635|0
2636|0
2637|1
2639|1
2640|1
2641|0
2642|0
2643|0
2655|1
2660|0
2661|1
2666|0
2668|1
2669|0
2670|1
2671|1
2672|1
2673|1
2675|0
2676|0
2678|2
2679|1
2681|0
2682|1
2683|1
2684|2
2686|0
2687|1
2688|0
2689|0
2690|0
2692|0
2693|0
2694|0
2695|0
2696|0
2697|0
2700|0
2701|0
2702|0
2703|0
2706|0
2707|0
2708|0
2709|1
2711|1
2712|1
2713|1
2715|0
2716|0
2717|0
2718|0
2719|0
2720|0
2724|0
2726|1
2727|1
2728|0
2729|0
2730|0
2731|0
2732|0
2733|0
2734|0
2736|0
2737|0
2738|0
2739|0
2740|0
2741|0
2742|0
2743|0
2744|0
2745|1
2746|0
2747|0
2749|1
2751|1
2754|2
2757|1
2758|1
2759|0
2760|0
2772|1
2773|0
2775|1
2776|1
2821|1
2822|1
2824|0
2825|0
2826|0
2827|0
2828|1
2829|0
2831|0
2832|0
2833|0
2834|0
2835|0
2836|0
2837|0
2838|1
2839|0
2840|1
2842|0
2843|0
2844|0
2845|0
2846|0
2848|0
2849|0
2850|0
2853|1
2854|2
2855|1
2856|2
2857|1
2858|2
2859|0
2860|1
2888|1
2889|0
2890|1
2891|1
2892|1
2893|1
2894|1
2895|1
2896|1
2897|1
2898|1
2899|1
2900|0
2901|1
2902|1
2903|1
2904|1
2905|1
2906|1
2907|1
2908|0
2909|1
2910|0
2912|0
2913|0
2914|0
2915|0
2916|0
2917|1
2928|1
2953|0
2954|0
2958|0
2959|0
2962|0
2968|0
2970|0
2972|0
2973|0
2975|0
2977|0
2978|0
2979|0
2980|0
2986|0
2999|0
3000|0
3004|0
3008|0
3010|0
3014|0
3015|0
3016|0
3021|0
3022|0
3024|0
3030|0
3032|0
3037|0
3041|0
3045|0
3049|0
3057|0
3058|0
3059|0
3073|0
3080|0
3081|0
3082|0
3084|0
3086|0
3087|1
3088|0
3089|0
3090|0
3091|0
3092|0
3094|0
3095|0
3096|1
3097|0
3098|0
3099|0
3100|0
3103|0
3104|0
3105|0
3107|0
3109|0
3110|13
3111|0
3112|0
3113|0
3114|0
3115|0
3117|0
3118|0
3119|0
3120|0
3121|0
3123|0
3124|0
3125|1
3126|1
3127|0
3128|0
3133|1
3134|0
3135|0
3138|0
3139|0
3140|0
3141|2
3142|1
3143|0
3144|1
3145|1
3146|1
3147|1
3148|0
3150|1
3152|1
3153|0
3154|1
3155|2
3156|2
3157|1
3158|1
3161|0
3162|0
3163|2
3164|0
3165|1
3166|1
3167|1
3168|1
3170|1
3171|1
3172|1
3173|1
3174|4
3175|1
3176|3
3177|1
3179|1
3180|1
3181|0
3184|1
3185|0
3186|0
3187|1
3189|0
3190|0
3191|0
3192|0
3193|0
3194|0
3195|0
3196|0
3198|0
3199|0
3200|1
3201|1
3202|1
3203|0
3204|1
3205|1
3206|1
3207|1
3208|1
3209|1
3210|1
3211|1
3212|0
3213|1
3214|0
3216|1
3217|0
3219|1
3220|1
3221|0
3223|0
3224|1
3225|0
3226|0
3227|1
3228|1
3229|0
3230|1
3231|0
3232|0
3233|1
3234|1
3235|0
3236|0
3237|0
3238|1
3239|1
3240|1
3241|0
3242|1
3243|1
3244|2
3245|1
3246|1
3247|0
3251|1
3253|1
3257|1
3262|0
3263|1
3264|1
3270|0
3271|1
3272|1
3274|1
3275|1
3276|1
3278|1
3279|1
3280|1
3282|0
3283|1
3284|1
3285|2
3286|1
3287|1
3288|0
3289|0
3290|2
3291|1
3292|0
3293|0
3294|0
3295|2
3296|0
3298|0
3299|1
3300|1
3301|2
3302|0
3303|1
3304|0
3305|2
3306|0
3307|1
3308|0
3309|1
3310|1
3311|1
3312|1
3313|1
3314|0
3315|2
3316|0
3317|1
3318|0
3319|0
3320|0
3321|1
3322|1
3323|0
3324|0
3325|1
3326|1
3327|2
3328|0
3329|0
3330|0
3331|1
3332|1
3333|1
3334|1
3335|1
3336|0
3337|2
3338|1
3339|1
3340|0
3341|1
3342|0
3343|0
3344|0
3345|0
3346|2
3347|2
3348|1
3349|1
3350|1
3351|1
3352|1
3353|1
3354|1
3355|1
3356|1
3357|1
3358|2
3359|1
3360|1
3361|1
3362|1
3363|2
3364|1
3365|0
3366|1
3367|1
3368|2
3369|1
3370|1
3371|1
3372|1
3373|1
3374|0
3377|1
3378|1
3379|1
3380|0
3381|0
3382|1
3383|1
3384|0
3388|1
3389|1
3390|1
3391|1
3392|1
3393|1
3394|1
3395|1
3396|1
3397|1
3398|1
3400|1
3401|1
3402|1
3403|0
3404|2
3405|1
3406|2
3407|1
3408|2
3409|1
3410|0
3411|1
3412|1
3413|1
3414|1
3415|1
3416|1
3417|1
3418|1
3419|1
3420|1
3421|1
3422|1
3423|1
3424|1
3425|1
3426|1
3427|1
3428|1
3429|1
3430|1
3431|1
3432|1
3433|1
3434|1
3435|1
3436|1
3437|0
3438|1
3439|0
3440|0
3441|1
3442|1
3443|1
3444|1
3445|0
3447|1
3448|0
3449|0
3450|1
3451|1
3452|1
3453|1
3454|1
3455|0
3456|0
3457|0
3458|1
3459|1
3460|1
3461|0
3462|0
3463|1
3464|1
3465|0
3466|1
3467|1
3468|1
3469|1
3470|0
3472|1
3473|0
3474|1
3475|0
3476|1
3477|0
3478|2
3479|0
3480|0
3481|0
3482|1
3483|0
3484|0
3485|1
3486|1
3487|0
3488|1
3489|1
3490|0
3491|0
3492|0
3493|1
3494|1
3495|1
3496|0
3497|2
3498|0
3499|0
3500|1
3501|1
3503|0
3504|0
3505|0
3506|0
3507|0
3508|1
3509|0
3510|1
3511|1
3512|0
3513|0
3514|0
3515|0
3516|1
3517|1
3518|1
3519|1
3520|1
3521|1
3522|1
3523|1
3524|1
3525|1
3526|1
3527|1
3528|1
3529|1
3530|0
3531|0
3533|1
3534|0
3535|1
3536|0
3537|0
3538|0
3539|0
3540|0
3541|1
3542|1
3543|1
3544|1
3545|1
3546|1
3547|1
3548|1
3549|0
3550|1
3551|1
3552|0
3553|1
3554|1
3555|1
3556|0
3557|0
3558|0
3559|0
3560|0
3561|1
3562|1
3563|1
3564|14
3565|1
3566|1
3567|1
3568|1
3569|0
3570|1
3571|0
3572|0
3573|0
3574|0
3575|1
3576|1
3577|0
3579|0
3580|0
3581|1
3582|2
3583|1
3584|1
3585|1
3586|1
3587|1
3588|2
3589|1
3590|1
3591|2
3592|1
3593|1
3594|1
3595|1
3596|1
3597|0
3598|1
3599|1
3600|0
3601|1
3603|0
3604|1
3605|0
3607|0
3608|0
3609|0
3610|1
3611|1
3612|1
3613|2
3614|1
3615|1
3616|1
3618|1
3620|0
3621|1
3622|1
3623|1
3624|0
3625|0
3626|1
3627|0
3628|0
3629|2
3630|2
3632|0
3633|1
3634|1
3635|1
3636|1
3637|1
3638|1
3639|0
3640|0
3641|1
3643|1
3644|1
3661|2
3662|1
3663|1
3664|1
3665|1
3666|1
3667|2
3668|1
3669|0
3670|1
3671|0
3672|1
3673|2
3674|1
3675|1
3676|1
3677|1
3678|1
3679|1
3680|0
3681|1
3682|1
3683|0
3684|2
3685|2
3686|1
3687|0
3688|0
3689|1
3690|0
3691|0
3692|1
3693|1
3694|1
3695|2
3696|1
3697|1
3698|2
3699|2
3700|1
3701|1
3702|1
3703|2
3704|3
3705|1
3706|1
3707|1
3708|1
3709|1
3710|1
3711|1
3712|1
3713|1
3714|1
3715|1
3716|1
3717|2
3718|1
3719|1
3720|1
3721|1
3722|1
3723|1
3724|1
3725|1
3726|1
3727|1
3728|1
3729|1
3730|1
3731|1
3732|1
3733|2
3734|1
3735|0
3736|0
3737|1
3738|1
3739|1
3740|1
3741|1
3742|1
3743|2
3744|1
3745|1
3746|1
3747|1
3748|1
3749|2
3750|1
3751|1
3752|1
3753|1
3754|1
3755|1
3756|1
3757|1
3758|1
3759|1
3760|1
3761|1
3762|1
3763|1
3764|1
3765|1
3766|1
3767|0
3768|1
3769|1
3770|1
3771|1
3772|0
3773|1
3774|1
3776|1
3777|0
3779|1
3780|0
3781|1
3782|1
3783|2
3784|1
3785|2
3786|1
3787|1
3788|1
3789|1
3790|1
3791|2
3792|1
3793|1
3794|1
3795|1
3796|1
3797|1
3798|1
3799|1
3800|1
3801|1
3802|1
3803|1
3804|1
3805|1
3806|1
3807|1
3808|2
3809|1
3810|1
3811|0
3812|0
3813|0
3814|1
3815|0
3816|1
3817|1
3818|0
3819|0
3820|0
3821|1
3822|1
3823|0
3824|1
3825|1
3826|1
3827|0
3828|1
3829|0
3830|1
3831|0
3832|0
3833|1
3834|1
3835|1
3836|0
3837|0
3838|0
3839|0
3840|0
3841|0
3842|0
3843|0
3844|0
3845|0
3846|0
3847|0
3848|1
3849|0
3850|1
3851|1
3853|0
3854|1
3855|2
3856|1
3857|1
3858|1
3859|1
3860|1
3861|1
3862|1
3863|0
3864|1
3865|1
3866|1
3867|0
3868|1
3869|1
3870|0
3871|2
3872|1
3873|1
3874|2
3875|2
3876|1
3877|1
3878|1
3879|1
3880|1
3881|1
3882|1
3883|1
3884|1
3885|0
3886|2
3887|1
3888|1
3889|1
3890|1
3891|1
3892|1
3893|1
3894|1
3895|1
3896|1
3968|1
3969|1
3970|1
3971|1
3972|1
3973|1
3974|1
3975|1
3976|1
3977|1
3978|1
3979|1
3980|1
3981|1
3982|1
3983|1
3984|1
3985|1
3986|2
3987|1
3988|1
3989|1
3990|1
3991|1
3992|1
3993|1
3994|1
3995|1
3996|0
3997|1
3998|1
3999|1
4000|1
4001|1
4002|1
4003|1
4004|1
4005|1
4006|1
4007|1
4008|1
4009|1
4011|1
4022|1
4031|1
4037|1
4039|1
4040|1
4049|1
4052|1
4053|1
4056|1
4057|1
4058|1
4059|1
4083|1
4085|0
4086|1
4087|1
4206|1
4207|1
4208|3
4209|2
4210|0
4212|1
4213|1
4217|0
4218|2
4219|1
4220|1
4221|2
4222|1
4227|3
4228|1
4230|1
4233|0
4234|1
4240|2
4241|1
4242|2
4243|1
4244|1
4246|2
4247|29
4249|1
4250|1
4253|0
4254|1
4255|1
4256|2
4257|1
4258|1
4259|1
4260|1
4261|1
4262|2
4267|1
4268|1
4269|0
4276|1
4277|36
4278|22
4280|1
4283|1
4286|1
4287|1
4288|1
4289|1
4290|0
4292|1
4293|3
4295|1
4296|1
4297|5
4298|1
4300|1
4301|1
4302|1
4303|1
4304|11
4305|1
4307|2
4308|2
4309|1
4310|5
4311|28
4313|1
4314|1
4316|6
4317|5
4318|0
4319|0
4321|1
4322|51
4324|2
4325|24
4326|1
4327|0
4331|2
4332|0
4333|1
4335|0
4336|0
4337|0
4339|0
4340|1
4341|1
4342|0
4343|0
4344|2
4345|1
4347|1
4349|1
4350|1
4351|1
4352|1
4357|1
4358|14
4359|1
4360|1
4362|1
4363|1
4364|1
4365|0
4366|1
4367|0
4368|1
4369|1
4371|1
4372|1
4373|1
4374|2
4375|1
4376|1
4377|1
4378|2
4379|1
4380|2
4381|1
4382|2
4383|1
4384|1
4385|0
4386|2
4387|1
4388|1
4389|1
4390|2
4391|1
4393|1
4394|1
4395|1
4396|0
4397|1
4398|1
4399|1
4400|2
4401|0
4403|1
4404|1
4405|0
4406|0
4407|1
4408|1
4410|1
4411|0
4412|1
4414|0
4415|1
4416|0
4418|1
4419|0
4421|0
4423|2
4426|4
4427|1
4428|1
4429|1
4430|1
4432|0
4433|1
4434|1
4435|0
4438|0
4440|0
4443|0
4444|0
4447|0
4449|0
4450|0
4453|0
4454|2
4456|1
4457|2
4459|1
4460|1
4461|1
4462|1
4464|1
4465|1
4466|1
4467|1
4468|1
4469|0
4471|0
4472|0
4473|0
4474|1
4476|1
4477|2
4478|1
4479|0
4481|8
4482|1
4483|1
4484|1
4485|1
4486|1
4488|3
4489|1
4490|1
4492|0
4494|1
4495|1
4496|1
4497|1
4498|1
4499|0
4500|1
4501|1
4505|0
4506|0
4507|26
4508|1
4509|3
4510|1
4511|5
4512|27
4514|9
4515|1
4517|1
4518|1
4519|1
4520|1
4522|1
4524|1
4535|0
4537|1
4538|2
4539|3
4545|6
4546|2
4547|1
4548|0
4549|1
4550|2
4551|1
4552|1
4553|1
4554|0
4555|1
4557|1
4558|2
4559|2
4560|0
4561|0
4562|0
4565|0
4567|1
4568|2
4569|9
4570|1
4572|2
4573|1
4574|1
4575|9
4576|1
4577|1
4578|17
4579|2
4581|1
4582|0
4583|1
4585|0
4586|1
4588|4
4591|1
4592|2
4593|2
4594|0
4596|0
4597|1
4598|2
4600|0
4601|0
4602|1
4603|1
4604|0
4605|1
4606|1
4607|1
4608|0
4609|1
4611|1
4612|1
4613|0
4614|1
4615|1
4616|1
4617|2
4618|1
4619|1
4620|0
4621|0
4622|0
4624|3
4625|2
4627|27
4628|28
4629|2
4632|0
4633|0
4634|1
4635|0
4636|0
4638|9
4639|1
4640|21
4642|1
4643|0
4644|9
4646|6
4649|0
4651|0
4652|0
4654|1
4656|6
4657|1
4658|1
4664|0
4673|1
4674|1
4675|1
4676|8
4677|20
4678|15
4679|8
4680|1
4682|0
4685|0
4689|0
4694|0
4695|6
4699|1
4700|2
4703|0
4706|6
4707|0
4711|1
4714|1
4715|1
4719|1
4727|0
4729|0
4730|0
4731|0
4732|0
4734|0
4735|0
4738|0
4740|0
4741|0
4742|0
4743|0
4744|0
4745|0
4752|0
4758|0
4764|0
4766|0
4768|0
4776|0
4777|0
4778|0
4784|0
4785|0
4786|0
4788|0
4795|0
4800|0
4805|0
4807|0
4811|0
4818|0
4824|0
4826|0
4827|0
4831|0
4832|0
4833|0
4835|0
4839|0
4843|0
4846|0
4848|0
4849|0
4855|0
4858|0
4859|0
4865|0
4868|0
4871|0
4873|0
4874|29
4877|8
4878|1
4879|1
4880|13
4881|7
4884|1
4887|3
4889|3
4890|18
4891|1
4892|1
4893|3
4894|1
4895|1
4896|4
4898|1
4900|2
4903|1
4910|1
4911|0
4912|3
4915|3
4916|3
4917|1
4918|3
4920|2
4921|0
4925|2
4926|14
4927|2
4928|7
4929|3
4930|0
4931|9
4932|10
4935|1
4936|19
4937|3
4938|25
4939|1
4940|1
4944|1
4946|6
4949|38
4951|1
4956|1
4958|2
4961|0
4962|3
4965|1
4969|2
4970|1
4972|1
4974|2
4975|1
4976|2
4978|0
4980|2
4982|3
4984|2
4985|1
4986|14
4988|1
4989|18
4990|8
4991|1
4992|1
4993|1
4995|28
4996|10
4997|8
4998|2
4999|1
5001|1
5002|22
5004|1
5006|11
5007|8
5010|2
5011|2
5012|1
5014|1
5015|1
5016|1
5017|3
5019|1
5021|42
5022|2
5023|1
5026|1
5029|3
5030|1
5031|1
5033|1
5034|1
5035|6
5036|8
5037|3
5038|0
5039|3
5040|2
5041|2
5043|2
5044|1
5045|1
5046|1
5048|10
5049|1
5050|6
5051|1
5052|1
5053|1
5054|0
5056|2
5057|3
5061|1
5062|1
5063|1
5064|1
5065|3
5066|1
5068|1
5071|1
5072|1
5073|1
5074|1
5076|1
5077|1
5079|1
5080|1
5083|1
5084|1
5086|1
5087|1
5088|5
5089|10
5090|24
5091|2
5094|1
5096|1
5098|10
5099|1
5102|1
5103|1
5104|1
5105|1
5107|1
5110|0
5111|23
5112|1
5114|1
5115|2
5116|3
5117|19
5118|3
5119|3
5120|22
5121|2
5122|4
5123|3
5124|1
5125|3
5126|2
5127|3
5128|3
5129|2
5130|3
5131|2
5132|3
5133|3
5135|2
5136|2
5137|1
5138|2
5139|25
5140|50
5145|1
5148|1
5150|1
5154|1
5155|3
5157|2
5159|0
5160|0
5162|3
5163|2
5165|1
5166|1
5168|1
5169|0
5171|0
5172|0
5173|0
5174|5
5175|0
5176|0
5178|0
5179|0
5180|7
5181|0
5182|2
5183|32
5184|3
5185|33
5186|1
5192|0
5193|1
5194|0
5195|0
5196|0
5197|1
5198|1
5199|0
5200|1
5202|1
5203|17
5204|0
5205|10
5206|2
5208|0
5209|0
5210|0
5211|2
5212|1
5213|1
5214|1
5215|0
5216|1
5217|24
5218|1
5219|0
5220|1
5221|2
5222|1
5223|1
5225|12
5226|0
5228|1
5229|1
5230|2
5231|1
5232|1
5233|0
5234|1
5235|6
5236|2
5237|1
5238|1
5239|0
5240|1
5241|1
5242|1
5243|43
5245|1
5246|1
5247|2
5248|1
5249|0
5250|33
5251|1
5255|6
5256|1
5257|0
5258|1
5259|26
5260|15
5261|2
5262|2
5263|2
5264|3
5265|27
5266|4
5267|0
5268|0
5269|24
5270|0
5271|14
5272|1
5273|1
5274|1
5275|0
5276|0
5277|1
5278|1
5279|25
5280|1
5281|1
5282|0
5283|1
5284|0
5285|0
5286|1
5287|1
5290|0
5291|1
5292|1
5293|1
5294|2
5295|1
5297|2
5308|1
5309|1
5310|1
5318|23
5328|5
5329|3
5330|4
5331|1
5349|2
5351|2
5353|17
5407|0
5408|0
5409|1
5410|25
5411|1
5412|2
5413|1
5414|1
5415|7
5416|1
5420|1
5422|1
5426|1
5429|1
5430|1
5433|1
5434|1
5438|6
5439|1
5442|0
5446|1
5450|1
5485|1
5490|0
5491|0
5492|0
5493|0
5494|1
5496|0
5498|0
5499|0
5521|7
5677|1
5757|1
5758|0
5770|0
5771|0
5772|0
5773|1
5775|0
5779|0
5780|0
5782|0
5784|0
5785|0
5787|0
5789|1
5793|1
5794|0
5795|0
5796|0
5797|0
5798|0
5799|0
5800|1
5833|24
5834|1
5835|9
5838|0
5839|12
5840|1
5841|1
5842|1
5843|0
5844|1
5845|1
5846|0
5847|0
5848|1
5849|0
5852|0
5853|0
5854|1
5855|0
5856|0
5863|0
5890|0
5913|0
5920|0
5921|1
5922|0
5926|0
5927|0
5932|4
5934|1
5935|8
5936|1
5937|1
5938|0
5939|9
5940|1
5941|1
5942|1
5943|16
5944|1
5945|0
5947|0
5948|0
5949|0
5951|0
5956|0
5957|0
5958|0
5959|0
5960|0
5961|1
5962|1
5963|0
5971|0
5976|0
5978|0
5980|0
5981|0
5983|0
5986|0
5987|0
5989|0
5993|2
5994|0
5995|1
5996|1
5997|0
5998|1
5999|0
6000|0
6001|0
6002|0
6003|0
6004|0
6005|0
6006|0
6007|0
6008|0
6009|0
6010|0
6011|0
6012|0
6013|0
6014|0
6015|0
6016|0
6017|0
6018|0
6019|0
6020|0
6021|0
6022|0
6023|0
6024|1
6025|1
6026|0
6027|0
6028|1
6029|8
6030|0
6031|0
6032|0
6033|0
6034|0
6035|0
6036|0
6037|0
6038|0
6039|0
6040|0
6041|0
6042|1
6043|0
6044|1
6045|0
6046|15
6047|0
6048|0
6049|0
6050|0
6051|12
6052|2
6053|0
6054|0
6055|0
6056|0
6057|0
6058|1
6059|0
6060|0
6061|0
6062|0
6063|0
6064|0
6065|1
6066|0
6067|2
6068|0
6069|0
6070|1
6071|0
6072|0
6073|0
6074|0
6075|0
6076|0
6077|0
6078|0
6079|0
6080|0
6081|0
6082|0
6083|0
6084|0
6085|0
6086|0
6087|0
6088|0
6089|0
6090|0
6091|0
6092|0
6093|0
6094|0
6095|0
6096|0
6097|0
6098|0
6099|0
6100|0
6101|0
6102|0
6103|0
6104|0
6105|0
6106|0
6107|0
6108|0
6109|1
6110|0
6115|2
6116|1
6117|0
6118|0
6119|0
6120|1
6121|0
6122|0
6123|0
6124|0
6125|0
6126|0
6127|1
6128|1
6129|0
6130|0
6131|0
6132|1
6133|0
6134|1
6139|0
6141|0
6143|0
6144|0
6145|0
6150|0
6151|0
6152|0
6153|0
6154|0
6155|0
6156|0
6157|0
6158|0
6159|0
6160|0
6161|0
6162|0
6163|0
6164|1
6165|0
6166|0
6167|0
6168|0
6169|0
6170|0
6171|0
6172|0
6177|44
6181|0
6186|0
6189|0
6191|0
6194|18
6195|17
6198|26
6199|24
6206|17
6240|0
6241|0
6242|0
6243|0
6244|0
6245|0
6248|0
6249|0
6250|1
6251|0
6252|0
6253|0
6254|0
6255|1
6256|0
6257|0
6258|0
6259|2
6260|1
6261|1
6262|0
6263|2
6264|0
6292|1
6293|1
6294|1
6295|0
6296|0
6297|0
6298|0
6299|0
6493|2
6494|15
6500|16
6504|1
6506|1
6525|1
6526|2
6527|1
6531|0
6532|2
6533|2
6534|2
6535|2
6536|2
6537|2
6538|2
6539|3
6540|1
6541|3
6542|1
6543|1
6544|1
6545|1
6546|1
6547|0
6548|1
6549|1
6550|2
6551|1
6552|2
6553|1
6554|1
6555|1
6556|1
6557|8
6558|1
6559|4
6560|13
6561|18
6562|5
6564|0
6566|1
6567|0
6572|0
6573|0
6578|1
6579|0
6582|1
6583|1
6584|0
6585|0
6586|0
6588|1
6594|0
6600|0
6603|0
6604|0
6606|1
6607|0
6608|2
6609|2
6610|8
6614|1
6615|1
6624|3
6625|1
6626|1
6628|1
6629|1
6630|6
6644|1
6645|1
6646|1
6648|0
6649|1
6654|0
6666|1
6670|19
6671|14
6672|11
6673|10
6674|5
6675|7
6690|1
6691|1
6692|0
6693|0
6699|0
6700|0
6701|1
6702|0
6703|0
6709|0
6710|1
6711|0
6713|0
6717|1
6718|1
6719|0
6726|0
6727|2
6728|1
6730|0
6731|0
6733|0
6734|0
6735|67
6737|11
6740|19
6745|0
6746|0
6747|0
6748|0
6749|0
6751|0
6752|0
6756|9
6758|6
6759|1
6760|1
6761|0
6762|0
6767|1
6773|0
6775|0
6780|1
6781|0
6784|0
6785|1
6788|2
6789|0
6790|0
6791|1
6794|0
6796|0
6798|0
6799|1
6801|0
6803|0
6804|0
6805|0
6806|0
6810|2
6811|1
6812|1
6813|2
6814|2
6815|1
6816|1
6817|0
6818|1
6819|1
6820|0
6821|0
6823|0
6824|0
6825|0
6828|0
6829|0
6830|1
6831|1
6832|0
6833|0
6834|0
6836|0
6838|2
6839|0
6840|1
6841|1
6845|0
6846|0
6849|0
6850|0
6857|0
6869|0
6870|0
6872|0
6873|28
6875|0
6878|0
6879|0
6881|0
6882|3
6890|0
6892|0
6896|0
6897|0
6907|1
6909|0
6911|0
6912|1
6913|1
6914|0
6920|0
6921|28
6922|1
6925|0
6939|1
6940|1
6941|2
6944|1
6945|1
6946|4
6947|0
6949|0
6951|0
6952|0
6953|0
6956|1
6957|2
6958|1
6960|5
6963|1
6964|0
6965|3
6966|7
6967|3
6968|0
6969|4
6971|4
6972|1
6973|1
6974|1
6975|11
6976|2
6977|0
6978|1
6979|7
6980|1
6981|0
6982|0
6983|0
6984|0
6985|0
6992|1
6994|0
6995|1
6996|1
6997|0
6998|0
6999|0
7000|0
7002|4
7003|2
7004|2
7005|22
7006|1
7008|1
7009|1
7010|0
7011|10
7012|0
7013|2
7014|46
7015|34
7016|0
7017|3
7018|0
7019|1
7020|1
7021|3
7022|1
7023|0
7024|0
7025|3
7026|1
7027|1
7031|1
7032|2
7034|1
7035|1
7036|1
7037|2
7038|2
7039|0
7041|0
7042|0
7043|0
7046|0
7049|1
7050|2
7051|1
7052|1
7054|0
7055|1
7057|4
7058|1
7059|1
7060|1
7061|0
7062|1
7063|0
7067|0
7068|0
7069|2
7070|0
7072|0
7073|0
7074|0
7075|3
7076|0
7077|4
7078|1
7083|11
7098|1
7101|0
7105|0
7106|0
7107|1
7108|0
7111|4
7112|1
7113|1
7116|7
7120|8
7126|8
7142|0
7143|0
7144|0
7145|0
7146|1
7147|3
7150|1
7151|1
7152|4
7154|1
7155|1
7156|1
7157|1
7158|1
7159|1
7160|0
7161|4
7164|17
7168|2
7169|1
7170|2
7171|1
7172|7
7173|1
7174|1
7178|0
7179|1
7180|1
7181|9
7182|1
7183|1
7184|0
7185|0
7186|1
7187|10
7188|0
7189|0
7190|1
7191|10
7192|1
7209|2
7210|4
7211|2
7212|2
7213|1
7214|1
7216|0
7217|0
7218|0
7219|0
7220|0
7221|0
7222|1
7223|1
7224|1
7225|1
7226|1
7227|0
7228|1
7229|1
7230|1
7231|1
7232|2
7233|0
7234|0
7235|0
7236|0
7237|0
7238|0
7239|0
7240|1
7243|1
7244|1
7245|1
7246|0
7247|0
7249|0
7250|1
7251|1
7252|2
7253|1
7254|0
7255|1
7256|1
7257|1
7258|1
7259|1
7260|0
7263|10
7268|2
7269|1
7270|1
7271|1
7272|10
7274|4
7278|1
7279|1
7280|1
7281|10
7282|15
7283|21
7284|14
7285|14
7291|9
7292|1
7293|1
7294|1
7295|0
7296|0
7297|1
7298|1
7299|0
7300|0
7301|0
7302|1
7308|1
7309|1
7310|1
7311|1
7312|1
7313|1
7314|9
7315|0
7316|1
7317|1
7318|0
7319|2
7324|1
7325|0
7326|1
7354|1
7397|0
7398|0
7403|0
7408|0
7409|0
7414|1
7415|1
7418|0
7421|0
7422|0
7429|0
7434|0
7435|0
7439|0
7440|0
7455|0
7457|0
7459|0
7460|0
7464|0
7466|0
7467|0
7480|0
7482|0
7484|0
7485|0
7486|0
7503|0
7506|0
7507|0
7510|0
7514|0
7515|0
7524|0
7527|0
7529|0
7536|0
7538|0
7539|0
7540|0
7541|0
7544|0
7545|0
7548|0
7549|0
7550|0
7553|0
7554|0
7555|0
7558|0
7559|0
7562|0
7564|0
7573|0
7574|0
7584|0
7595|0
7597|1
7602|1
7604|0
7606|0
7608|0
7609|0
7610|0
7622|0
7624|0
7625|0
7633|0
7635|0
7637|0
7638|0
7639|0
7640|0
7643|0
7644|0
7645|0
7646|0
7647|1
7648|0
7649|1
7650|0
7651|0
7653|0
7654|0
7657|0
7658|0
7659|1
7660|1
7661|1
7662|1
7665|0
7666|0
7670|0
7680|0
7681|1
7692|0
7693|1
7694|1
7695|0
7696|0
7699|1
7700|1
7703|1
7705|0
7706|0
7707|1
7709|1
7710|1
7711|0
7712|0
7713|0
7714|0
7715|0
7716|0
7717|0
7718|1
7719|0
7753|0
7754|8
7755|1
7756|11
7758|1
7759|7
7760|1
7761|3
7764|1
7765|3
7766|2
7767|0
7768|5
7771|1
7772|10
7773|17
7774|14
7776|0
7777|1
7778|1
7779|1
7780|1
7781|1
7782|1
7783|2
7787|1
7788|3
7789|6
7792|6
7793|1
7794|4
7795|1
7796|2
7798|18
7800|3
7802|1
7804|1
7808|0
7811|0
7812|0
7813|1
7814|1
7815|1
7816|2
7817|1
7818|1
7819|1
7820|1
7823|4
7824|1
7827|4
7831|1
7832|0
7833|1
7834|1
7835|1
7836|1
7837|23
7838|1
7839|11
7840|43
7841|1
7842|2
7843|1
7844|1
7845|27
7847|15
7848|1
7849|1
7850|1
7851|2
7852|2
7853|2
7854|1
7855|1
7856|1
7857|2
7858|10
7859|1
7860|1
7861|2
7862|1
7864|1
7865|2
7866|1
7867|1
7869|11
7870|1
7872|0
7873|1
7874|1
7876|1
7877|3
7878|1
7879|1
7880|0
7881|1
7883|0
7884|1
7885|0
7886|0
7887|1
7888|1
7890|5
7891|1
7893|1
7894|1
7895|1
7896|1
7898|1
7899|1
7900|0
7901|1
7902|1
7903|0
7905|1
7906|1
7908|1
7909|0
7910|1
7911|1
7912|1
7913|1
7914|1
7915|1
7916|0
7917|10
7918|1
7920|3
7921|2
7923|1
7924|10
7925|1
7926|1
7929|1
7930|1
7933|1
7934|2
7937|2
7938|2
7939|1
7942|2
7943|1
7944|1
7945|1
7946|2
7947|1
7950|1
7951|1
7952|2
7955|2
7956|1
7958|1
7959|1
7960|2
7961|1
7963|5
7964|1
7969|2
7970|1
7972|1
7973|1
7974|1
7976|1
7979|1
7980|0
7981|0
7983|1
7985|1
7986|4
7987|0
7988|10
7989|1
7990|1
7991|9
7993|0
7997|1
7999|0
8000|3
8001|1
8002|16
8003|1
8005|0
8006|3
8007|1
8008|1
8011|8
8013|0
8014|0
8015|1
8016|1
8018|0
8020|0
8022|0
8024|1
8025|1
8033|2
8034|7
8035|1
8036|1
8038|1
8039|1
8040|1
8043|1
8044|1
8045|2
8046|1
8047|1
8049|1
8051|1
8053|5
8054|1
8056|1
8057|2
8058|1
8059|1
8060|13
8062|5
8063|3
8064|2
8065|1
8066|1
8067|5
8068|21
8069|1
8070|0
8071|14
8072|1
8074|3
8075|2
8076|9
8077|1
8078|1
8079|1
8080|1
8081|17
8082|0
8083|23
8084|1
8085|11
8086|1
8090|1
8092|1
8093|1
8096|2
8097|2
8098|3
8100|0
8101|10
8104|1
8105|0
8106|1
8107|4
8108|1
8109|1
8110|0
8111|1
8112|1
8113|2
8115|13
8116|5
8117|1
8118|2
8122|1
8123|1
8125|1
8127|1
8128|19
8130|1
8131|1
8132|1
8133|0
8134|0
8135|1
8136|5
8137|1
8138|0
8139|0
8140|0
8141|1
8143|1
8144|0
8145|1
8146|18
8147|0
8149|14
8150|0
8152|1
8154|1
8156|1
8157|0
8158|0
8168|1
8170|0
8172|0
8173|1
8174|1
8178|1
8179|1
8181|11
8182|12
8183|17
8185|1
8186|1
8188|1
8190|1
8191|11
8192|1
8193|1
8194|1
8195|8
8199|3
8200|1
8201|4
8202|1
8203|10
8204|1
8205|9
8206|30
8211|0
8212|1
8213|1
8214|1
8215|1
8219|2
8222|1
8223|5
8226|1
8232|1
8233|1
8234|1
8237|1
8239|1
8240|1
8243|0
8244|1
8245|1
8246|13
8247|1
8248|1
8249|1
8250|1
8252|1
8253|1
8254|2
8255|10
8256|1
8257|1
8258|5
8262|1
8263|1
8264|1
8265|1
8266|1
8270|4
8271|1
8272|5
8276|1
8277|1
8278|4
8279|1
8280|1
8281|1
8282|1
8285|1
8286|1
8288|12
8289|1
8290|1
8291|10
8292|27
8293|2
8295|1
8296|1
8297|1
8298|1
8299|1
8300|1
8301|5
8302|1
8307|6
8321|2
8322|1
8323|1
8325|4
8326|1
8327|1
8328|1
8331|1
8334|1
8335|0
8336|1
8341|2
8342|1
8345|1
8346|1
8347|25
8348|0
8349|1
8350|0
8351|2
8355|1
8356|1
8358|10
8360|0
8361|2
8362|1
8363|1
8364|1
8366|1
8369|1
8370|1
8371|1
8372|0
8374|3
8375|0
8376|0
8377|1
8378|1
8379|1
8380|1
8381|0
8382|0
8384|1
8385|1
8386|1
8387|1
8388|0
8389|1
8390|0
8391|0
8392|1
8393|1
8395|1
8396|1
8397|1
8398|0
8399|1
8400|1
8401|1
8402|2
8403|3
8404|1
8412|1
8413|1
8416|1
8417|1
8419|0
8423|0
8424|1
8425|1
8426|1
8427|1
8428|1
8429|1
8430|1
8431|1
8432|1
8433|2
8434|1
8435|1
8436|5
8437|2
8438|1
8439|3
8440|0
8441|1
8442|0
8443|1
8444|1
8445|1
8448|1
8449|1
8450|1
8451|10
8452|11
8453|1
8455|1
8456|8
8457|2
8458|1
8460|1
8462|2
8463|1
8464|1
8465|0
8466|1
8467|1
8468|0
8469|0
8470|1
8471|14
8472|1
8473|1
8474|14
8475|1
8476|1
8477|1
8478|3
8479|1
8480|1
8481|1
8482|2
8483|1
8484|0
8485|1
8486|27
8487|2
8488|1
8489|1
8490|14
8491|1
8492|2
8493|1
8494|1
8495|2
8496|3
8497|62
8498|2
8499|1
8500|1
8501|1
8502|0
8503|1
8504|1
8505|1
8506|1
8513|1
8516|1
8520|4
8521|0
8522|0
8523|0
8524|15
8530|1
8531|0
8532|1
8533|1
8534|1
8535|0
8536|0
8537|0
8538|0
8539|0
8540|0
8541|0
8543|1
8544|0
8545|0
8546|1
8547|2
8548|67
8549|1
8551|26
8552|1
8553|1
8554|1
8555|0
8556|1
8558|0
8559|0
8560|15
8561|1
8562|1
8565|2
8566|1
8567|1
8568|1
8569|1
8570|2
8571|1
8572|2
8580|0
8581|0
8582|1
8583|0
8584|1
8585|1
8586|0
8587|0
8588|1
8589|0
8590|1
8591|1
8592|1
8593|0
8594|1
8609|1
8626|16
8627|1
8628|1
8629|2
8630|1
8631|1
8711|0
8714|0
8716|0
8717|2
8718|0
8719|0
8720|0
8726|2
8727|1
8728|0
8729|0
8730|0
8731|1
8732|2
8733|0
8734|0
8735|0
8736|0
8737|5
8738|2
8740|1
8742|1
8743|0
8744|0
8745|0
8747|1
8748|0
8749|0
8750|0
8751|0
8752|0
8753|0
8754|0
8755|0
8757|0
8758|1
8759|0
8760|0
8762|0
8765|0
8766|0
8767|0
8768|0
8769|0
8770|0
8772|0
8773|0
8774|0
8775|0
8776|0
8778|0
8780|1
8782|0
8784|0
8785|0
8786|0
8788|0
8789|0
8790|5
8792|0
8793|0
8795|0
8796|0
8798|0
8802|0
8803|0
8804|2
8805|0
8806|0
8807|1
8810|0
8811|0
8812|0
8813|0
8814|0
8815|0
8816|0
8817|0
8818|0
8819|0
8821|0
8822|1
8823|0
8824|0
8825|0
8826|0
8827|0
8828|0
8831|0
8832|0
8834|0
8845|0
8846|0
8847|0
8848|0
8849|0
8853|0
8854|0
8855|0
8856|0
8858|0
8860|0
8862|1
8863|1
8864|1
8867|27
8868|0
8870|0
8871|5
8873|1
8874|0
8876|0
8878|0
8880|0
8885|0
8886|1
8887|1
8888|0
8890|0
8891|0
8892|0
8893|0
8894|0
8895|0
8897|0
8899|0
8900|0
8901|0
8902|0
8903|0
8904|0
8905|0
8906|0
8908|0
8909|1
8910|1
8911|1
8912|0
8913|0
8914|0
8915|0
8917|0
8918|0
8919|0
8921|0
8922|0
8924|0
8925|0
8926|0
8929|0
8931|0
8932|0
8934|10
8937|0
8938|0
8939|0
8940|1
8941|1
8946|0
8953|0
8954|0
8956|0
8957|0
8958|0
8959|0
8961|1
8962|0
8963|0
8965|14
8966|4
8967|2
8968|2
8969|0
8971|0
8973|0
8974|0
8976|1
8977|1
8980|0
8982|0
8983|0
8986|0
8988|0
8989|0
8990|0
8991|0
8993|1
8994|0
8996|2
8999|0
9000|0
9001|0
9005|0
9006|0
9007|2
9008|0
9011|0
9013|1
9014|1
9015|0
9016|1
9017|0
9020|1
9021|0
9025|1
9026|1
9027|0
9031|0
9033|1
9034|0
9035|0
9037|0
9041|0
9042|1
9044|0
9045|0
9047|0
9048|1
9049|0
9050|0
9056|0
9057|1
9058|0
9060|1
9061|0
9063|0
9065|0
9067|0
9069|3
9071|1
9074|0
9077|0
9080|0
9081|0
9085|0
9090|1
9091|0
9092|0
9093|0
9094|0
9095|0
9096|0
9102|0
9103|0
9104|0
9105|0
9106|0
9107|0
9108|0
9109|1
9111|1
9116|0
9121|0
9122|0
9123|0
9124|0
9125|0
9126|0
9127|0
9131|0
9133|0
9134|0
9135|0
9136|0
9137|0
9138|0
9139|0
9140|0
9141|0
9142|0
9143|0
9145|0
9147|1
9149|0
9150|0
9152|0
9153|0
9156|0
9157|0
9158|0
9160|0
9162|0
9163|18
9164|1
9166|1
9167|1
9168|1
9170|1
9171|1
9172|0
9175|0
9177|0
9179|0
9181|0
9182|0
9185|0
9186|0
9187|0
9189|0
9190|0
9192|0
9195|0
9196|0
9197|0
9200|0
9201|0
9202|0
9203|0
9204|0
9206|0
9207|6
9208|0
9209|0
9210|0
9211|0
9215|0
9216|0
9217|0
9219|0
9220|0
9221|0
9222|2
9223|0
9225|0
9226|0
9227|0
9228|0
9231|0
9232|7
9233|0
9234|0
9235|2
9236|0
9239|0
9241|0
9243|0
9245|0
9246|0
9247|2
9252|0
9253|1
9254|1
9257|0
9258|0
9259|0
9260|0
9261|1
9264|0
9266|1
9267|1
9268|0
9269|0
9270|1
9271|2
9272|0
9273|0
9275|0
9276|0
9278|0
9280|2
9281|0
9282|0
9286|0
9290|0
9292|0
9295|0
9296|0
9297|0
9298|0
9300|0
9301|1
9302|0
9303|0
9305|0
9309|0
9314|0
9315|0
9321|0
9322|0
9323|0
9324|0
9328|0
9329|0
9330|0
9332|0
9333|0
9334|0
9335|2
9336|0
9337|0
9338|2
9339|0
9340|0
9341|0
9342|1
9343|1
9346|0
9347|0
9348|0
9349|0
9350|0
9351|0
9352|0
9354|2
9355|0
9357|0
9359|0
9364|1
9367|0
9368|0
9369|0
9370|1
9371|1
9374|0
9375|0
9376|1
9377|0
9378|0
9379|0
9380|1
9382|0
9383|0
9384|0
9385|0
9386|0
9387|0
9388|0
9389|0
9390|0
9391|0
9393|0
9395|0
9397|0
9400|0
9405|0
9406|0
9407|0
9409|0
9412|0
9413|0
9414|0
9415|0
9416|0
9418|0
9419|0
9420|0
9422|0
9423|0
9424|0
9426|0
9429|0
9430|0
9432|0
9435|0
9436|0
9438|0
9440|0
9441|0
9443|0
9444|0
9445|0
9447|0
9449|0
9452|0
9453|0
9454|0
9456|14
9458|0
9459|1
9460|1
9461|0
9462|0
9463|0
9464|1
9465|0
9466|0
9468|0
9469|0
9470|0
9471|0
9472|1
9473|1
9474|17
9482|0
9483|0
9485|0
9487|0
9488|0
9490|1
9492|0
9493|0
9494|0
9498|0
9499|0
9500|2
9503|2
9504|0
9505|1
9506|0
9509|0
9510|0
9511|0
9512|0
9513|0
9517|0
9520|0
9521|0
9522|0
9523|0
9524|0
9525|0
9527|0
9528|1
9529|0
9532|0
9537|1
9539|0
9540|0
9544|0
9553|0
9554|0
9555|0
9556|2
9557|0
9558|0
9561|2
9562|0
9564|0
9568|0
9570|0
9571|0
9572|0
9573|0
9574|0
9576|0
9577|0
9579|0
9581|0
9582|0
9583|0
9584|0
9585|0
9586|0
9587|0
9589|0
9592|0
9593|0
9594|0
9597|0
9598|0
9604|0
9605|0
9606|0
9607|0
9608|0
9610|0
9611|0
9612|0
9613|0
9616|0
9617|0
9619|0
9620|0
9622|1
9624|1
9627|0
9628|0
9630|0
9631|0
9632|1
9633|1
9635|1
9636|0
9637|0
9638|0
9639|1
9640|1
9643|1
9644|0
9648|0
9651|1
9652|0
9653|0
9654|0
9655|0
9661|0
9662|0
9663|0
9664|0
9668|0
9669|0
9670|0
9671|0
9672|2
9677|1
9679|0
9681|1
9683|1
9684|0
9685|0
9686|0
9688|0
9691|0
9694|0
9696|0
9697|0
9698|0
9700|0
9701|0
9703|0
9707|1
9709|0
9711|0
9712|2
9713|0
9714|1
9715|1
9717|0
9718|0
9719|0
9720|0
9721|0
9722|0
9723|0
9724|0
9725|0
9726|0
9727|0
9730|0
9731|0
9732|0
9733|0
9734|0
9735|2
9736|0
9737|0
9738|0
9740|0
9747|0
9749|0
9756|1
9757|0
9758|0
9760|0
9762|0
9763|0
9778|0
9779|0
9780|0
9784|0
9785|0
9787|0
9792|1
9793|0
9794|0
9795|0
9797|0
9798|0
9803|3
9806|0
9807|0
9808|0
9809|0
9810|0
9811|0
9812|0
9813|0
9814|0
9816|0
9817|0
9818|0
9819|0
9821|3
9822|0
9823|0
9825|3
9827|0
9828|0
9829|0
9830|1
9831|0
9832|0
9833|0
9834|0
9835|0
9836|0
9837|0
9839|0
9840|6
9841|5
9842|0
9856|1
9857|0
9858|0
9859|0
9861|0
9862|0
9863|0
9864|0
9866|0
9867|0
9868|0
9869|0
9870|0
9871|0
9873|0
9878|0
9880|1
9881|1
9882|0
9883|0
9884|0
9885|0
9887|0
9888|0
9890|0
9897|0
9898|0
9900|0
9902|0
9903|4
9904|0
9905|0
9906|0
9907|0
9908|0
9909|2
9910|0
9920|4
9921|0
9922|3
9923|1
9924|1
9925|0
9926|0
9927|0
9928|0
9929|0
9937|0
9939|0
9942|0
9943|0
9945|0
9949|0
9950|0
9951|0
9953|0
9955|0
9957|0
9958|1
9959|0
9960|0
9961|0
9962|0
9963|0
9965|0
9966|0
9967|0
9968|0
9970|0
9971|0
9973|0
9974|0
9975|0
9976|0
9977|0
9978|0
9980|1
9981|0
9984|0
9987|0
9989|0
9991|0
9992|0
9993|0
9994|0
9995|0
9996|0
9999|0
10005|1
10012|0
10017|2
10018|0
10022|0
10023|0
10024|0
10029|0
10030|1
10033|1
10038|0
10044|1
10046|0
10048|0
10049|0
10050|0
10051|0
10052|0
10057|0
10059|0
10060|0
10061|0
10063|0
10064|0
10065|0
10066|0
10067|1
10069|1
10075|0
10077|3
10079|1
10086|0
10087|0
10097|0
10098|0
10099|0
10106|0
10109|0
10111|0
10112|0
10113|1
10114|1
10115|1
10116|0
10117|8
10118|1
10119|1
10120|6
10121|0
10122|0
10123|0
10146|0
10147|0
10148|0
10149|0
10150|0
10151|0
10152|0
10153|0
10154|0
10155|0
10156|0
10158|0
10159|1
10160|0
10161|0
10162|0
10163|0
10164|0
10165|0
10166|0
10167|0
10168|3
10169|0
10170|0
10171|0
10182|1
10184|0
10186|0
10191|0
10192|0
10195|0
10196|0
10197|0
10198|0
10199|0
10200|0
10201|0
10202|0
10203|0
10204|0
10210|1
10212|0
10213|1
10214|0
10215|0
10216|0
10217|0
10218|0
10219|0
10220|2
10221|0
10222|2
10223|0
10224|0
10225|0
10226|0
10227|0
10228|0
10230|0
10231|0
10232|0
10233|0
10234|0
10235|0
10236|0
10237|0
10238|6
10239|1
10240|0
10241|0
10242|0
10243|0
10244|0
10245|0
10246|0
10247|0
10248|0
10249|0
10250|0
10251|0
10252|0
10253|0
10259|0
10260|1
10264|1
10266|0
10269|0
10274|0
10281|0
10286|0
10287|0
10288|0
10291|0
10292|0
10295|0
10296|0
10297|0
10301|0
10303|0
10304|0
10305|0
10306|0
10308|0
10350|0
10351|0
10353|0
10354|0
10355|0
10363|0
10383|0
10384|0
10395|9
10431|1
10459|0
10463|1
